"Datum";"Coronatrend";"Bundesland";"BL_ID"
"2020-03-01";21;"Hamburg";2
"2020-03-02";20;"Hamburg";2
"2020-03-03";18;"Hamburg";2
"2020-03-04";19;"Hamburg";2
"2020-03-05";21;"Hamburg";2
"2020-03-06";20;"Hamburg";2
"2020-03-07";16;"Hamburg";2
"2020-03-08";21;"Hamburg";2
"2020-03-09";28;"Hamburg";2
"2020-03-10";37;"Hamburg";2
"2020-03-11";46;"Hamburg";2
"2020-03-12";75;"Hamburg";2
"2020-03-13";100;"Hamburg";2
"2020-03-14";97;"Hamburg";2
"2020-03-15";100;"Hamburg";2
"2020-03-16";91;"Hamburg";2
"2020-03-17";83;"Hamburg";2
"2020-03-18";78;"Hamburg";2
"2020-03-19";75;"Hamburg";2
"2020-03-20";72;"Hamburg";2
"2020-03-21";75;"Hamburg";2
"2020-03-22";80;"Hamburg";2
"2020-03-23";58;"Hamburg";2
"2020-03-24";56;"Hamburg";2
"2020-03-25";53;"Hamburg";2
"2020-03-26";50;"Hamburg";2
"2020-03-27";52;"Hamburg";2
"2020-03-28";51;"Hamburg";2
"2020-03-29";50;"Hamburg";2
"2020-03-30";48;"Hamburg";2
"2020-03-31";43;"Hamburg";2
"2020-04-01";40;"Hamburg";2
"2020-04-02";41;"Hamburg";2
"2020-04-03";38;"Hamburg";2
"2020-04-04";39;"Hamburg";2
"2020-04-05";40;"Hamburg";2
"2020-04-06";35;"Hamburg";2
"2020-04-07";34;"Hamburg";2
"2020-04-08";33;"Hamburg";2
"2020-04-09";34;"Hamburg";2
"2020-04-10";30;"Hamburg";2
"2020-04-11";30;"Hamburg";2
"2020-04-12";29;"Hamburg";2
"2020-04-13";31;"Hamburg";2
"2020-04-14";30;"Hamburg";2
"2020-04-15";50;"Hamburg";2
"2020-04-16";36;"Hamburg";2
"2020-04-17";34;"Hamburg";2
"2020-04-18";32;"Hamburg";2
"2020-04-19";30;"Hamburg";2
"2020-04-20";28;"Hamburg";2
"2020-04-21";29;"Hamburg";2
"2020-04-22";27;"Hamburg";2
"2020-04-23";27;"Hamburg";2
"2020-04-24";26;"Hamburg";2
"2020-04-25";25;"Hamburg";2
"2020-04-26";25;"Hamburg";2
"2020-04-27";25;"Hamburg";2
"2020-04-28";26;"Hamburg";2
"2020-04-29";26;"Hamburg";2
"2020-04-30";28;"Hamburg";2
"2020-05-01";26;"Hamburg";2
"2020-05-02";23;"Hamburg";2
"2020-05-03";25;"Hamburg";2
"2020-05-04";28;"Hamburg";2
"2020-05-05";30;"Hamburg";2
"2020-05-06";37;"Hamburg";2
"2020-05-07";31;"Hamburg";2
"2020-05-08";26;"Hamburg";2
"2020-05-09";26;"Hamburg";2
"2020-05-10";26;"Hamburg";2
"2020-05-11";27;"Hamburg";2
"2020-05-12";30;"Hamburg";2
"2020-05-13";22;"Hamburg";2
"2020-05-14";19;"Hamburg";2
"2020-05-15";20;"Hamburg";2
"2020-05-16";20;"Hamburg";2
"2020-05-17";20;"Hamburg";2
"2020-05-18";21;"Hamburg";2
"2020-05-19";20;"Hamburg";2
"2020-05-20";20;"Hamburg";2
"2020-05-21";19;"Hamburg";2
"2020-05-22";18;"Hamburg";2
"2020-05-23";20;"Hamburg";2
"2020-05-24";20;"Hamburg";2
"2020-05-25";20;"Hamburg";2
"2020-05-26";21;"Hamburg";2
"2020-05-27";18;"Hamburg";2
"2020-05-28";17;"Hamburg";2
"2020-05-29";17;"Hamburg";2
"2020-05-30";16;"Hamburg";2
"2020-05-31";16;"Hamburg";2
"2020-06-01";16;"Hamburg";2
"2020-06-02";16;"Hamburg";2
"2020-06-03";17;"Hamburg";2
"2020-06-04";17;"Hamburg";2
"2020-06-05";15;"Hamburg";2
"2020-06-06";17;"Hamburg";2
"2020-06-07";14;"Hamburg";2
"2020-06-08";17;"Hamburg";2
"2020-06-09";15;"Hamburg";2
"2020-06-10";14;"Hamburg";2
"2020-06-11";15;"Hamburg";2
"2020-06-12";14;"Hamburg";2
"2020-06-13";14;"Hamburg";2
"2020-06-14";16;"Hamburg";2
"2020-06-15";17;"Hamburg";2
"2020-06-16";24;"Hamburg";2
"2020-03-01";23;"Bremen";4
"2020-03-02";17;"Bremen";4
"2020-03-03";19;"Bremen";4
"2020-03-04";18;"Bremen";4
"2020-03-05";20;"Bremen";4
"2020-03-06";18;"Bremen";4
"2020-03-07";15;"Bremen";4
"2020-03-08";21;"Bremen";4
"2020-03-09";27;"Bremen";4
"2020-03-10";34;"Bremen";4
"2020-03-11";53;"Bremen";4
"2020-03-12";78;"Bremen";4
"2020-03-13";92;"Bremen";4
"2020-03-14";80;"Bremen";4
"2020-03-15";83;"Bremen";4
"2020-03-16";100;"Bremen";4
"2020-03-17";85;"Bremen";4
"2020-03-18";86;"Bremen";4
"2020-03-19";74;"Bremen";4
"2020-03-20";84;"Bremen";4
"2020-03-21";78;"Bremen";4
"2020-03-22";86;"Bremen";4
"2020-03-23";64;"Bremen";4
"2020-03-24";55;"Bremen";4
"2020-03-25";60;"Bremen";4
"2020-03-26";60;"Bremen";4
"2020-03-27";56;"Bremen";4
"2020-03-28";57;"Bremen";4
"2020-03-29";49;"Bremen";4
"2020-03-30";52;"Bremen";4
"2020-03-31";46;"Bremen";4
"2020-04-01";42;"Bremen";4
"2020-04-02";40;"Bremen";4
"2020-04-03";39;"Bremen";4
"2020-04-04";41;"Bremen";4
"2020-04-05";45;"Bremen";4
"2020-04-06";41;"Bremen";4
"2020-04-07";34;"Bremen";4
"2020-04-08";38;"Bremen";4
"2020-04-09";33;"Bremen";4
"2020-04-10";36;"Bremen";4
"2020-04-11";33;"Bremen";4
"2020-04-12";29;"Bremen";4
"2020-04-13";35;"Bremen";4
"2020-04-14";36;"Bremen";4
"2020-04-15";50;"Bremen";4
"2020-04-16";39;"Bremen";4
"2020-04-17";34;"Bremen";4
"2020-04-18";31;"Bremen";4
"2020-04-19";36;"Bremen";4
"2020-04-20";29;"Bremen";4
"2020-04-21";26;"Bremen";4
"2020-04-22";33;"Bremen";4
"2020-04-23";29;"Bremen";4
"2020-04-24";28;"Bremen";4
"2020-04-25";24;"Bremen";4
"2020-04-26";27;"Bremen";4
"2020-04-27";27;"Bremen";4
"2020-04-28";23;"Bremen";4
"2020-04-29";30;"Bremen";4
"2020-04-30";31;"Bremen";4
"2020-05-01";24;"Bremen";4
"2020-05-02";21;"Bremen";4
"2020-05-03";27;"Bremen";4
"2020-05-04";30;"Bremen";4
"2020-05-05";32;"Bremen";4
"2020-05-06";45;"Bremen";4
"2020-05-07";34;"Bremen";4
"2020-05-08";29;"Bremen";4
"2020-05-09";28;"Bremen";4
"2020-05-10";31;"Bremen";4
"2020-05-11";34;"Bremen";4
"2020-05-12";31;"Bremen";4
"2020-05-13";30;"Bremen";4
"2020-05-14";26;"Bremen";4
"2020-05-15";25;"Bremen";4
"2020-05-16";20;"Bremen";4
"2020-05-17";23;"Bremen";4
"2020-05-18";25;"Bremen";4
"2020-05-19";24;"Bremen";4
"2020-05-20";24;"Bremen";4
"2020-05-21";22;"Bremen";4
"2020-05-22";18;"Bremen";4
"2020-05-23";22;"Bremen";4
"2020-05-24";17;"Bremen";4
"2020-05-25";19;"Bremen";4
"2020-05-26";21;"Bremen";4
"2020-05-27";21;"Bremen";4
"2020-05-28";21;"Bremen";4
"2020-05-29";23;"Bremen";4
"2020-05-30";16;"Bremen";4
"2020-05-31";20;"Bremen";4
"2020-06-01";17;"Bremen";4
"2020-06-02";20;"Bremen";4
"2020-06-03";19;"Bremen";4
"2020-06-04";21;"Bremen";4
"2020-06-05";19;"Bremen";4
"2020-06-06";16;"Bremen";4
"2020-06-07";14;"Bremen";4
"2020-06-08";21;"Bremen";4
"2020-06-09";17;"Bremen";4
"2020-06-10";22;"Bremen";4
"2020-06-11";19;"Bremen";4
"2020-06-12";17;"Bremen";4
"2020-06-13";16;"Bremen";4
"2020-06-14";17;"Bremen";4
"2020-06-15";22;"Bremen";4
"2020-06-16";31;"Bremen";4
"2020-03-01";16;"Brandenburg";12
"2020-03-02";22;"Brandenburg";12
"2020-03-03";25;"Brandenburg";12
"2020-03-04";19;"Brandenburg";12
"2020-03-05";18;"Brandenburg";12
"2020-03-06";18;"Brandenburg";12
"2020-03-07";16;"Brandenburg";12
"2020-03-08";21;"Brandenburg";12
"2020-03-09";30;"Brandenburg";12
"2020-03-10";34;"Brandenburg";12
"2020-03-11";48;"Brandenburg";12
"2020-03-12";69;"Brandenburg";12
"2020-03-13";100;"Brandenburg";12
"2020-03-14";86;"Brandenburg";12
"2020-03-15";93;"Brandenburg";12
"2020-03-16";96;"Brandenburg";12
"2020-03-17";85;"Brandenburg";12
"2020-03-18";81;"Brandenburg";12
"2020-03-19";80;"Brandenburg";12
"2020-03-20";82;"Brandenburg";12
"2020-03-21";85;"Brandenburg";12
"2020-03-22";93;"Brandenburg";12
"2020-03-23";69;"Brandenburg";12
"2020-03-24";64;"Brandenburg";12
"2020-03-25";59;"Brandenburg";12
"2020-03-26";61;"Brandenburg";12
"2020-03-27";59;"Brandenburg";12
"2020-03-28";60;"Brandenburg";12
"2020-03-29";53;"Brandenburg";12
"2020-03-30";55;"Brandenburg";12
"2020-03-31";49;"Brandenburg";12
"2020-04-01";54;"Brandenburg";12
"2020-04-02";51;"Brandenburg";12
"2020-04-03";43;"Brandenburg";12
"2020-04-04";46;"Brandenburg";12
"2020-04-05";43;"Brandenburg";12
"2020-04-06";43;"Brandenburg";12
"2020-04-07";40;"Brandenburg";12
"2020-04-08";38;"Brandenburg";12
"2020-04-09";38;"Brandenburg";12
"2020-04-10";35;"Brandenburg";12
"2020-04-11";37;"Brandenburg";12
"2020-04-12";34;"Brandenburg";12
"2020-04-13";35;"Brandenburg";12
"2020-04-14";35;"Brandenburg";12
"2020-04-15";59;"Brandenburg";12
"2020-04-16";42;"Brandenburg";12
"2020-04-17";40;"Brandenburg";12
"2020-04-18";34;"Brandenburg";12
"2020-04-19";31;"Brandenburg";12
"2020-04-20";31;"Brandenburg";12
"2020-04-21";33;"Brandenburg";12
"2020-04-22";33;"Brandenburg";12
"2020-04-23";35;"Brandenburg";12
"2020-04-24";31;"Brandenburg";12
"2020-04-25";29;"Brandenburg";12
"2020-04-26";28;"Brandenburg";12
"2020-04-27";31;"Brandenburg";12
"2020-04-28";31;"Brandenburg";12
"2020-04-29";30;"Brandenburg";12
"2020-04-30";32;"Brandenburg";12
"2020-05-01";25;"Brandenburg";12
"2020-05-02";26;"Brandenburg";12
"2020-05-03";26;"Brandenburg";12
"2020-05-04";26;"Brandenburg";12
"2020-05-05";28;"Brandenburg";12
"2020-05-06";43;"Brandenburg";12
"2020-05-07";34;"Brandenburg";12
"2020-05-08";33;"Brandenburg";12
"2020-05-09";27;"Brandenburg";12
"2020-05-10";26;"Brandenburg";12
"2020-05-11";28;"Brandenburg";12
"2020-05-12";27;"Brandenburg";12
"2020-05-13";26;"Brandenburg";12
"2020-05-14";23;"Brandenburg";12
"2020-05-15";22;"Brandenburg";12
"2020-05-16";19;"Brandenburg";12
"2020-05-17";21;"Brandenburg";12
"2020-05-18";23;"Brandenburg";12
"2020-05-19";21;"Brandenburg";12
"2020-05-20";21;"Brandenburg";12
"2020-05-21";17;"Brandenburg";12
"2020-05-22";17;"Brandenburg";12
"2020-05-23";18;"Brandenburg";12
"2020-05-24";19;"Brandenburg";12
"2020-05-25";20;"Brandenburg";12
"2020-05-26";24;"Brandenburg";12
"2020-05-27";19;"Brandenburg";12
"2020-05-28";18;"Brandenburg";12
"2020-05-29";18;"Brandenburg";12
"2020-05-30";15;"Brandenburg";12
"2020-05-31";15;"Brandenburg";12
"2020-06-01";15;"Brandenburg";12
"2020-06-02";17;"Brandenburg";12
"2020-06-03";17;"Brandenburg";12
"2020-06-04";18;"Brandenburg";12
"2020-06-05";17;"Brandenburg";12
"2020-06-06";13;"Brandenburg";12
"2020-06-07";14;"Brandenburg";12
"2020-06-08";15;"Brandenburg";12
"2020-06-09";16;"Brandenburg";12
"2020-06-10";17;"Brandenburg";12
"2020-06-11";16;"Brandenburg";12
"2020-06-12";18;"Brandenburg";12
"2020-06-13";14;"Brandenburg";12
"2020-06-14";13;"Brandenburg";12
"2020-06-15";17;"Brandenburg";12
"2020-06-16";25;"Brandenburg";12
"2020-03-01";17;"Berlin";11
"2020-03-02";32;"Berlin";11
"2020-03-03";31;"Berlin";11
"2020-03-04";26;"Berlin";11
"2020-03-05";27;"Berlin";11
"2020-03-06";25;"Berlin";11
"2020-03-07";16;"Berlin";11
"2020-03-08";24;"Berlin";11
"2020-03-09";27;"Berlin";11
"2020-03-10";36;"Berlin";11
"2020-03-11";52;"Berlin";11
"2020-03-12";76;"Berlin";11
"2020-03-13";100;"Berlin";11
"2020-03-14";95;"Berlin";11
"2020-03-15";100;"Berlin";11
"2020-03-16";92;"Berlin";11
"2020-03-17";90;"Berlin";11
"2020-03-18";80;"Berlin";11
"2020-03-19";78;"Berlin";11
"2020-03-20";78;"Berlin";11
"2020-03-21";76;"Berlin";11
"2020-03-22";82;"Berlin";11
"2020-03-23";64;"Berlin";11
"2020-03-24";59;"Berlin";11
"2020-03-25";54;"Berlin";11
"2020-03-26";53;"Berlin";11
"2020-03-27";55;"Berlin";11
"2020-03-28";56;"Berlin";11
"2020-03-29";52;"Berlin";11
"2020-03-30";48;"Berlin";11
"2020-03-31";48;"Berlin";11
"2020-04-01";45;"Berlin";11
"2020-04-02";43;"Berlin";11
"2020-04-03";41;"Berlin";11
"2020-04-04";35;"Berlin";11
"2020-04-05";40;"Berlin";11
"2020-04-06";39;"Berlin";11
"2020-04-07";34;"Berlin";11
"2020-04-08";29;"Berlin";11
"2020-04-09";28;"Berlin";11
"2020-04-10";27;"Berlin";11
"2020-04-11";33;"Berlin";11
"2020-04-12";30;"Berlin";11
"2020-04-13";32;"Berlin";11
"2020-04-14";34;"Berlin";11
"2020-04-15";49;"Berlin";11
"2020-04-16";40;"Berlin";11
"2020-04-17";32;"Berlin";11
"2020-04-18";30;"Berlin";11
"2020-04-19";31;"Berlin";11
"2020-04-20";29;"Berlin";11
"2020-04-21";32;"Berlin";11
"2020-04-22";31;"Berlin";11
"2020-04-23";30;"Berlin";11
"2020-04-24";27;"Berlin";11
"2020-04-25";28;"Berlin";11
"2020-04-26";26;"Berlin";11
"2020-04-27";28;"Berlin";11
"2020-04-28";29;"Berlin";11
"2020-04-29";29;"Berlin";11
"2020-04-30";27;"Berlin";11
"2020-05-01";24;"Berlin";11
"2020-05-02";23;"Berlin";11
"2020-05-03";26;"Berlin";11
"2020-05-04";27;"Berlin";11
"2020-05-05";23;"Berlin";11
"2020-05-06";38;"Berlin";11
"2020-05-07";27;"Berlin";11
"2020-05-08";20;"Berlin";11
"2020-05-09";23;"Berlin";11
"2020-05-10";25;"Berlin";11
"2020-05-11";24;"Berlin";11
"2020-05-12";26;"Berlin";11
"2020-05-13";23;"Berlin";11
"2020-05-14";22;"Berlin";11
"2020-05-15";22;"Berlin";11
"2020-05-16";21;"Berlin";11
"2020-05-17";21;"Berlin";11
"2020-05-18";22;"Berlin";11
"2020-05-19";20;"Berlin";11
"2020-05-20";20;"Berlin";11
"2020-05-21";19;"Berlin";11
"2020-05-22";16;"Berlin";11
"2020-05-23";17;"Berlin";11
"2020-05-24";20;"Berlin";11
"2020-05-25";20;"Berlin";11
"2020-05-26";20;"Berlin";11
"2020-05-27";20;"Berlin";11
"2020-05-28";20;"Berlin";11
"2020-05-29";18;"Berlin";11
"2020-05-30";17;"Berlin";11
"2020-05-31";16;"Berlin";11
"2020-06-01";18;"Berlin";11
"2020-06-02";13;"Berlin";11
"2020-06-03";13;"Berlin";11
"2020-06-04";18;"Berlin";11
"2020-06-05";15;"Berlin";11
"2020-06-06";15;"Berlin";11
"2020-06-07";16;"Berlin";11
"2020-06-08";17;"Berlin";11
"2020-06-09";18;"Berlin";11
"2020-06-10";15;"Berlin";11
"2020-06-11";14;"Berlin";11
"2020-06-12";16;"Berlin";11
"2020-06-13";15;"Berlin";11
"2020-06-14";14;"Berlin";11
"2020-06-15";19;"Berlin";11
"2020-06-16";29;"Berlin";11
"2020-03-01";23;"Bayern";9
"2020-03-02";27;"Bayern";9
"2020-03-03";25;"Bayern";9
"2020-03-04";26;"Bayern";9
"2020-03-05";32;"Bayern";9
"2020-03-06";33;"Bayern";9
"2020-03-07";28;"Bayern";9
"2020-03-08";35;"Bayern";9
"2020-03-09";42;"Bayern";9
"2020-03-10";49;"Bayern";9
"2020-03-11";56;"Bayern";9
"2020-03-12";81;"Bayern";9
"2020-03-13";100;"Bayern";9
"2020-03-14";97;"Bayern";9
"2020-03-15";94;"Bayern";9
"2020-03-16";98;"Bayern";9
"2020-03-17";95;"Bayern";9
"2020-03-18";92;"Bayern";9
"2020-03-19";94;"Bayern";9
"2020-03-20";95;"Bayern";9
"2020-03-21";90;"Bayern";9
"2020-03-22";96;"Bayern";9
"2020-03-23";78;"Bayern";9
"2020-03-24";70;"Bayern";9
"2020-03-25";67;"Bayern";9
"2020-03-26";65;"Bayern";9
"2020-03-27";65;"Bayern";9
"2020-03-28";71;"Bayern";9
"2020-03-29";62;"Bayern";9
"2020-03-30";60;"Bayern";9
"2020-03-31";56;"Bayern";9
"2020-04-01";56;"Bayern";9
"2020-04-02";53;"Bayern";9
"2020-04-03";50;"Bayern";9
"2020-04-04";52;"Bayern";9
"2020-04-05";53;"Bayern";9
"2020-04-06";49;"Bayern";9
"2020-04-07";47;"Bayern";9
"2020-04-08";45;"Bayern";9
"2020-04-09";42;"Bayern";9
"2020-04-10";42;"Bayern";9
"2020-04-11";41;"Bayern";9
"2020-04-12";40;"Bayern";9
"2020-04-13";42;"Bayern";9
"2020-04-14";43;"Bayern";9
"2020-04-15";74;"Bayern";9
"2020-04-16";58;"Bayern";9
"2020-04-17";41;"Bayern";9
"2020-04-18";39;"Bayern";9
"2020-04-19";40;"Bayern";9
"2020-04-20";41;"Bayern";9
"2020-04-21";38;"Bayern";9
"2020-04-22";36;"Bayern";9
"2020-04-23";36;"Bayern";9
"2020-04-24";36;"Bayern";9
"2020-04-25";36;"Bayern";9
"2020-04-26";35;"Bayern";9
"2020-04-27";35;"Bayern";9
"2020-04-28";36;"Bayern";9
"2020-04-29";35;"Bayern";9
"2020-04-30";35;"Bayern";9
"2020-05-01";31;"Bayern";9
"2020-05-02";29;"Bayern";9
"2020-05-03";33;"Bayern";9
"2020-05-04";33;"Bayern";9
"2020-05-05";47;"Bayern";9
"2020-05-06";42;"Bayern";9
"2020-05-07";36;"Bayern";9
"2020-05-08";32;"Bayern";9
"2020-05-09";31;"Bayern";9
"2020-05-10";34;"Bayern";9
"2020-05-11";32;"Bayern";9
"2020-05-12";31;"Bayern";9
"2020-05-13";29;"Bayern";9
"2020-05-14";27;"Bayern";9
"2020-05-15";27;"Bayern";9
"2020-05-16";27;"Bayern";9
"2020-05-17";29;"Bayern";9
"2020-05-18";29;"Bayern";9
"2020-05-19";27;"Bayern";9
"2020-05-20";25;"Bayern";9
"2020-05-21";25;"Bayern";9
"2020-05-22";22;"Bayern";9
"2020-05-23";24;"Bayern";9
"2020-05-24";26;"Bayern";9
"2020-05-25";26;"Bayern";9
"2020-05-26";28;"Bayern";9
"2020-05-27";25;"Bayern";9
"2020-05-28";23;"Bayern";9
"2020-05-29";23;"Bayern";9
"2020-05-30";20;"Bayern";9
"2020-05-31";22;"Bayern";9
"2020-06-01";23;"Bayern";9
"2020-06-02";23;"Bayern";9
"2020-06-03";22;"Bayern";9
"2020-06-04";23;"Bayern";9
"2020-06-05";21;"Bayern";9
"2020-06-06";19;"Bayern";9
"2020-06-07";19;"Bayern";9
"2020-06-08";21;"Bayern";9
"2020-06-09";20;"Bayern";9
"2020-06-10";19;"Bayern";9
"2020-06-11";20;"Bayern";9
"2020-06-12";20;"Bayern";9
"2020-06-13";19;"Bayern";9
"2020-06-14";21;"Bayern";9
"2020-06-15";24;"Bayern";9
"2020-06-16";37;"Bayern";9
"2020-03-01";18;"Thüringen";16
"2020-03-02";18;"Thüringen";16
"2020-03-03";27;"Thüringen";16
"2020-03-04";19;"Thüringen";16
"2020-03-05";20;"Thüringen";16
"2020-03-06";22;"Thüringen";16
"2020-03-07";17;"Thüringen";16
"2020-03-08";21;"Thüringen";16
"2020-03-09";25;"Thüringen";16
"2020-03-10";33;"Thüringen";16
"2020-03-11";41;"Thüringen";16
"2020-03-12";68;"Thüringen";16
"2020-03-13";100;"Thüringen";16
"2020-03-14";80;"Thüringen";16
"2020-03-15";95;"Thüringen";16
"2020-03-16";95;"Thüringen";16
"2020-03-17";91;"Thüringen";16
"2020-03-18";92;"Thüringen";16
"2020-03-19";94;"Thüringen";16
"2020-03-20";94;"Thüringen";16
"2020-03-21";92;"Thüringen";16
"2020-03-22";93;"Thüringen";16
"2020-03-23";73;"Thüringen";16
"2020-03-24";71;"Thüringen";16
"2020-03-25";63;"Thüringen";16
"2020-03-26";68;"Thüringen";16
"2020-03-27";63;"Thüringen";16
"2020-03-28";66;"Thüringen";16
"2020-03-29";57;"Thüringen";16
"2020-03-30";51;"Thüringen";16
"2020-03-31";51;"Thüringen";16
"2020-04-01";51;"Thüringen";16
"2020-04-02";50;"Thüringen";16
"2020-04-03";46;"Thüringen";16
"2020-04-04";48;"Thüringen";16
"2020-04-05";50;"Thüringen";16
"2020-04-06";46;"Thüringen";16
"2020-04-07";44;"Thüringen";16
"2020-04-08";43;"Thüringen";16
"2020-04-09";40;"Thüringen";16
"2020-04-10";38;"Thüringen";16
"2020-04-11";36;"Thüringen";16
"2020-04-12";33;"Thüringen";16
"2020-04-13";35;"Thüringen";16
"2020-04-14";39;"Thüringen";16
"2020-04-15";63;"Thüringen";16
"2020-04-16";45;"Thüringen";16
"2020-04-17";36;"Thüringen";16
"2020-04-18";32;"Thüringen";16
"2020-04-19";36;"Thüringen";16
"2020-04-20";35;"Thüringen";16
"2020-04-21";35;"Thüringen";16
"2020-04-22";36;"Thüringen";16
"2020-04-23";33;"Thüringen";16
"2020-04-24";31;"Thüringen";16
"2020-04-25";31;"Thüringen";16
"2020-04-26";30;"Thüringen";16
"2020-04-27";28;"Thüringen";16
"2020-04-28";33;"Thüringen";16
"2020-04-29";33;"Thüringen";16
"2020-04-30";34;"Thüringen";16
"2020-05-01";29;"Thüringen";16
"2020-05-02";26;"Thüringen";16
"2020-05-03";30;"Thüringen";16
"2020-05-04";27;"Thüringen";16
"2020-05-05";32;"Thüringen";16
"2020-05-06";43;"Thüringen";16
"2020-05-07";38;"Thüringen";16
"2020-05-08";33;"Thüringen";16
"2020-05-09";30;"Thüringen";16
"2020-05-10";29;"Thüringen";16
"2020-05-11";29;"Thüringen";16
"2020-05-12";30;"Thüringen";16
"2020-05-13";33;"Thüringen";16
"2020-05-14";27;"Thüringen";16
"2020-05-15";24;"Thüringen";16
"2020-05-16";25;"Thüringen";16
"2020-05-17";24;"Thüringen";16
"2020-05-18";24;"Thüringen";16
"2020-05-19";22;"Thüringen";16
"2020-05-20";25;"Thüringen";16
"2020-05-21";19;"Thüringen";16
"2020-05-22";17;"Thüringen";16
"2020-05-23";24;"Thüringen";16
"2020-05-24";20;"Thüringen";16
"2020-05-25";22;"Thüringen";16
"2020-05-26";25;"Thüringen";16
"2020-05-27";20;"Thüringen";16
"2020-05-28";20;"Thüringen";16
"2020-05-29";19;"Thüringen";16
"2020-05-30";17;"Thüringen";16
"2020-05-31";17;"Thüringen";16
"2020-06-01";17;"Thüringen";16
"2020-06-02";21;"Thüringen";16
"2020-06-03";18;"Thüringen";16
"2020-06-04";20;"Thüringen";16
"2020-06-05";17;"Thüringen";16
"2020-06-06";14;"Thüringen";16
"2020-06-07";18;"Thüringen";16
"2020-06-08";20;"Thüringen";16
"2020-06-09";21;"Thüringen";16
"2020-06-10";16;"Thüringen";16
"2020-06-11";17;"Thüringen";16
"2020-06-12";20;"Thüringen";16
"2020-06-13";16;"Thüringen";16
"2020-06-14";15;"Thüringen";16
"2020-06-15";19;"Thüringen";16
"2020-06-16";22;"Thüringen";16
"2020-03-01";20;"Schleswig-Holstein";1
"2020-03-02";18;"Schleswig-Holstein";1
"2020-03-03";19;"Schleswig-Holstein";1
"2020-03-04";18;"Schleswig-Holstein";1
"2020-03-05";18;"Schleswig-Holstein";1
"2020-03-06";18;"Schleswig-Holstein";1
"2020-03-07";16;"Schleswig-Holstein";1
"2020-03-08";17;"Schleswig-Holstein";1
"2020-03-09";26;"Schleswig-Holstein";1
"2020-03-10";32;"Schleswig-Holstein";1
"2020-03-11";51;"Schleswig-Holstein";1
"2020-03-12";81;"Schleswig-Holstein";1
"2020-03-13";96;"Schleswig-Holstein";1
"2020-03-14";93;"Schleswig-Holstein";1
"2020-03-15";100;"Schleswig-Holstein";1
"2020-03-16";91;"Schleswig-Holstein";1
"2020-03-17";85;"Schleswig-Holstein";1
"2020-03-18";78;"Schleswig-Holstein";1
"2020-03-19";72;"Schleswig-Holstein";1
"2020-03-20";75;"Schleswig-Holstein";1
"2020-03-21";74;"Schleswig-Holstein";1
"2020-03-22";80;"Schleswig-Holstein";1
"2020-03-23";63;"Schleswig-Holstein";1
"2020-03-24";56;"Schleswig-Holstein";1
"2020-03-25";54;"Schleswig-Holstein";1
"2020-03-26";52;"Schleswig-Holstein";1
"2020-03-27";51;"Schleswig-Holstein";1
"2020-03-28";53;"Schleswig-Holstein";1
"2020-03-29";50;"Schleswig-Holstein";1
"2020-03-30";47;"Schleswig-Holstein";1
"2020-03-31";44;"Schleswig-Holstein";1
"2020-04-01";44;"Schleswig-Holstein";1
"2020-04-02";42;"Schleswig-Holstein";1
"2020-04-03";41;"Schleswig-Holstein";1
"2020-04-04";41;"Schleswig-Holstein";1
"2020-04-05";42;"Schleswig-Holstein";1
"2020-04-06";40;"Schleswig-Holstein";1
"2020-04-07";36;"Schleswig-Holstein";1
"2020-04-08";35;"Schleswig-Holstein";1
"2020-04-09";37;"Schleswig-Holstein";1
"2020-04-10";32;"Schleswig-Holstein";1
"2020-04-11";32;"Schleswig-Holstein";1
"2020-04-12";32;"Schleswig-Holstein";1
"2020-04-13";35;"Schleswig-Holstein";1
"2020-04-14";33;"Schleswig-Holstein";1
"2020-04-15";54;"Schleswig-Holstein";1
"2020-04-16";40;"Schleswig-Holstein";1
"2020-04-17";34;"Schleswig-Holstein";1
"2020-04-18";32;"Schleswig-Holstein";1
"2020-04-19";31;"Schleswig-Holstein";1
"2020-04-20";29;"Schleswig-Holstein";1
"2020-04-21";28;"Schleswig-Holstein";1
"2020-04-22";27;"Schleswig-Holstein";1
"2020-04-23";29;"Schleswig-Holstein";1
"2020-04-24";28;"Schleswig-Holstein";1
"2020-04-25";28;"Schleswig-Holstein";1
"2020-04-26";29;"Schleswig-Holstein";1
"2020-04-27";25;"Schleswig-Holstein";1
"2020-04-28";29;"Schleswig-Holstein";1
"2020-04-29";29;"Schleswig-Holstein";1
"2020-04-30";30;"Schleswig-Holstein";1
"2020-05-01";25;"Schleswig-Holstein";1
"2020-05-02";25;"Schleswig-Holstein";1
"2020-05-03";28;"Schleswig-Holstein";1
"2020-05-04";28;"Schleswig-Holstein";1
"2020-05-05";28;"Schleswig-Holstein";1
"2020-05-06";36;"Schleswig-Holstein";1
"2020-05-07";36;"Schleswig-Holstein";1
"2020-05-08";28;"Schleswig-Holstein";1
"2020-05-09";26;"Schleswig-Holstein";1
"2020-05-10";26;"Schleswig-Holstein";1
"2020-05-11";24;"Schleswig-Holstein";1
"2020-05-12";24;"Schleswig-Holstein";1
"2020-05-13";24;"Schleswig-Holstein";1
"2020-05-14";22;"Schleswig-Holstein";1
"2020-05-15";22;"Schleswig-Holstein";1
"2020-05-16";21;"Schleswig-Holstein";1
"2020-05-17";25;"Schleswig-Holstein";1
"2020-05-18";22;"Schleswig-Holstein";1
"2020-05-19";20;"Schleswig-Holstein";1
"2020-05-20";21;"Schleswig-Holstein";1
"2020-05-21";19;"Schleswig-Holstein";1
"2020-05-22";18;"Schleswig-Holstein";1
"2020-05-23";20;"Schleswig-Holstein";1
"2020-05-24";20;"Schleswig-Holstein";1
"2020-05-25";20;"Schleswig-Holstein";1
"2020-05-26";19;"Schleswig-Holstein";1
"2020-05-27";20;"Schleswig-Holstein";1
"2020-05-28";18;"Schleswig-Holstein";1
"2020-05-29";17;"Schleswig-Holstein";1
"2020-05-30";18;"Schleswig-Holstein";1
"2020-05-31";18;"Schleswig-Holstein";1
"2020-06-01";19;"Schleswig-Holstein";1
"2020-06-02";19;"Schleswig-Holstein";1
"2020-06-03";18;"Schleswig-Holstein";1
"2020-06-04";19;"Schleswig-Holstein";1
"2020-06-05";16;"Schleswig-Holstein";1
"2020-06-06";16;"Schleswig-Holstein";1
"2020-06-07";16;"Schleswig-Holstein";1
"2020-06-08";16;"Schleswig-Holstein";1
"2020-06-09";18;"Schleswig-Holstein";1
"2020-06-10";15;"Schleswig-Holstein";1
"2020-06-11";14;"Schleswig-Holstein";1
"2020-06-12";14;"Schleswig-Holstein";1
"2020-06-13";14;"Schleswig-Holstein";1
"2020-06-14";16;"Schleswig-Holstein";1
"2020-06-15";19;"Schleswig-Holstein";1
"2020-06-16";25;"Schleswig-Holstein";1
"2020-03-01";14;"Sachsen-Anhalt";15
"2020-03-02";15;"Sachsen-Anhalt";15
"2020-03-03";21;"Sachsen-Anhalt";15
"2020-03-04";21;"Sachsen-Anhalt";15
"2020-03-05";26;"Sachsen-Anhalt";15
"2020-03-06";28;"Sachsen-Anhalt";15
"2020-03-07";21;"Sachsen-Anhalt";15
"2020-03-08";27;"Sachsen-Anhalt";15
"2020-03-09";29;"Sachsen-Anhalt";15
"2020-03-10";47;"Sachsen-Anhalt";15
"2020-03-11";51;"Sachsen-Anhalt";15
"2020-03-12";84;"Sachsen-Anhalt";15
"2020-03-13";100;"Sachsen-Anhalt";15
"2020-03-14";81;"Sachsen-Anhalt";15
"2020-03-15";88;"Sachsen-Anhalt";15
"2020-03-16";89;"Sachsen-Anhalt";15
"2020-03-17";92;"Sachsen-Anhalt";15
"2020-03-18";84;"Sachsen-Anhalt";15
"2020-03-19";92;"Sachsen-Anhalt";15
"2020-03-20";89;"Sachsen-Anhalt";15
"2020-03-21";91;"Sachsen-Anhalt";15
"2020-03-22";98;"Sachsen-Anhalt";15
"2020-03-23";74;"Sachsen-Anhalt";15
"2020-03-24";68;"Sachsen-Anhalt";15
"2020-03-25";60;"Sachsen-Anhalt";15
"2020-03-26";64;"Sachsen-Anhalt";15
"2020-03-27";63;"Sachsen-Anhalt";15
"2020-03-28";63;"Sachsen-Anhalt";15
"2020-03-29";59;"Sachsen-Anhalt";15
"2020-03-30";58;"Sachsen-Anhalt";15
"2020-03-31";51;"Sachsen-Anhalt";15
"2020-04-01";51;"Sachsen-Anhalt";15
"2020-04-02";57;"Sachsen-Anhalt";15
"2020-04-03";50;"Sachsen-Anhalt";15
"2020-04-04";46;"Sachsen-Anhalt";15
"2020-04-05";47;"Sachsen-Anhalt";15
"2020-04-06";45;"Sachsen-Anhalt";15
"2020-04-07";45;"Sachsen-Anhalt";15
"2020-04-08";41;"Sachsen-Anhalt";15
"2020-04-09";38;"Sachsen-Anhalt";15
"2020-04-10";36;"Sachsen-Anhalt";15
"2020-04-11";40;"Sachsen-Anhalt";15
"2020-04-12";38;"Sachsen-Anhalt";15
"2020-04-13";37;"Sachsen-Anhalt";15
"2020-04-14";36;"Sachsen-Anhalt";15
"2020-04-15";66;"Sachsen-Anhalt";15
"2020-04-16";46;"Sachsen-Anhalt";15
"2020-04-17";35;"Sachsen-Anhalt";15
"2020-04-18";36;"Sachsen-Anhalt";15
"2020-04-19";37;"Sachsen-Anhalt";15
"2020-04-20";34;"Sachsen-Anhalt";15
"2020-04-21";40;"Sachsen-Anhalt";15
"2020-04-22";33;"Sachsen-Anhalt";15
"2020-04-23";34;"Sachsen-Anhalt";15
"2020-04-24";33;"Sachsen-Anhalt";15
"2020-04-25";31;"Sachsen-Anhalt";15
"2020-04-26";31;"Sachsen-Anhalt";15
"2020-04-27";31;"Sachsen-Anhalt";15
"2020-04-28";33;"Sachsen-Anhalt";15
"2020-04-29";33;"Sachsen-Anhalt";15
"2020-04-30";32;"Sachsen-Anhalt";15
"2020-05-01";28;"Sachsen-Anhalt";15
"2020-05-02";32;"Sachsen-Anhalt";15
"2020-05-03";33;"Sachsen-Anhalt";15
"2020-05-04";28;"Sachsen-Anhalt";15
"2020-05-05";30;"Sachsen-Anhalt";15
"2020-05-06";36;"Sachsen-Anhalt";15
"2020-05-07";35;"Sachsen-Anhalt";15
"2020-05-08";28;"Sachsen-Anhalt";15
"2020-05-09";26;"Sachsen-Anhalt";15
"2020-05-10";28;"Sachsen-Anhalt";15
"2020-05-11";27;"Sachsen-Anhalt";15
"2020-05-12";28;"Sachsen-Anhalt";15
"2020-05-13";24;"Sachsen-Anhalt";15
"2020-05-14";25;"Sachsen-Anhalt";15
"2020-05-15";22;"Sachsen-Anhalt";15
"2020-05-16";21;"Sachsen-Anhalt";15
"2020-05-17";22;"Sachsen-Anhalt";15
"2020-05-18";25;"Sachsen-Anhalt";15
"2020-05-19";24;"Sachsen-Anhalt";15
"2020-05-20";25;"Sachsen-Anhalt";15
"2020-05-21";19;"Sachsen-Anhalt";15
"2020-05-22";19;"Sachsen-Anhalt";15
"2020-05-23";19;"Sachsen-Anhalt";15
"2020-05-24";20;"Sachsen-Anhalt";15
"2020-05-25";20;"Sachsen-Anhalt";15
"2020-05-26";22;"Sachsen-Anhalt";15
"2020-05-27";19;"Sachsen-Anhalt";15
"2020-05-28";19;"Sachsen-Anhalt";15
"2020-05-29";18;"Sachsen-Anhalt";15
"2020-05-30";17;"Sachsen-Anhalt";15
"2020-05-31";17;"Sachsen-Anhalt";15
"2020-06-01";17;"Sachsen-Anhalt";15
"2020-06-02";18;"Sachsen-Anhalt";15
"2020-06-03";20;"Sachsen-Anhalt";15
"2020-06-04";20;"Sachsen-Anhalt";15
"2020-06-05";16;"Sachsen-Anhalt";15
"2020-06-06";14;"Sachsen-Anhalt";15
"2020-06-07";13;"Sachsen-Anhalt";15
"2020-06-08";15;"Sachsen-Anhalt";15
"2020-06-09";16;"Sachsen-Anhalt";15
"2020-06-10";17;"Sachsen-Anhalt";15
"2020-06-11";16;"Sachsen-Anhalt";15
"2020-06-12";21;"Sachsen-Anhalt";15
"2020-06-13";16;"Sachsen-Anhalt";15
"2020-06-14";15;"Sachsen-Anhalt";15
"2020-06-15";19;"Sachsen-Anhalt";15
"2020-06-16";25;"Sachsen-Anhalt";15
"2020-03-01";13;"Sachsen";14
"2020-03-02";18;"Sachsen";14
"2020-03-03";20;"Sachsen";14
"2020-03-04";17;"Sachsen";14
"2020-03-05";17;"Sachsen";14
"2020-03-06";20;"Sachsen";14
"2020-03-07";16;"Sachsen";14
"2020-03-08";21;"Sachsen";14
"2020-03-09";26;"Sachsen";14
"2020-03-10";31;"Sachsen";14
"2020-03-11";43;"Sachsen";14
"2020-03-12";72;"Sachsen";14
"2020-03-13";100;"Sachsen";14
"2020-03-14";83;"Sachsen";14
"2020-03-15";88;"Sachsen";14
"2020-03-16";92;"Sachsen";14
"2020-03-17";86;"Sachsen";14
"2020-03-18";85;"Sachsen";14
"2020-03-19";81;"Sachsen";14
"2020-03-20";88;"Sachsen";14
"2020-03-21";87;"Sachsen";14
"2020-03-22";92;"Sachsen";14
"2020-03-23";71;"Sachsen";14
"2020-03-24";62;"Sachsen";14
"2020-03-25";63;"Sachsen";14
"2020-03-26";62;"Sachsen";14
"2020-03-27";59;"Sachsen";14
"2020-03-28";61;"Sachsen";14
"2020-03-29";55;"Sachsen";14
"2020-03-30";53;"Sachsen";14
"2020-03-31";50;"Sachsen";14
"2020-04-01";50;"Sachsen";14
"2020-04-02";48;"Sachsen";14
"2020-04-03";43;"Sachsen";14
"2020-04-04";44;"Sachsen";14
"2020-04-05";43;"Sachsen";14
"2020-04-06";42;"Sachsen";14
"2020-04-07";42;"Sachsen";14
"2020-04-08";38;"Sachsen";14
"2020-04-09";38;"Sachsen";14
"2020-04-10";34;"Sachsen";14
"2020-04-11";36;"Sachsen";14
"2020-04-12";32;"Sachsen";14
"2020-04-13";38;"Sachsen";14
"2020-04-14";37;"Sachsen";14
"2020-04-15";66;"Sachsen";14
"2020-04-16";49;"Sachsen";14
"2020-04-17";46;"Sachsen";14
"2020-04-18";36;"Sachsen";14
"2020-04-19";34;"Sachsen";14
"2020-04-20";34;"Sachsen";14
"2020-04-21";33;"Sachsen";14
"2020-04-22";33;"Sachsen";14
"2020-04-23";33;"Sachsen";14
"2020-04-24";32;"Sachsen";14
"2020-04-25";28;"Sachsen";14
"2020-04-26";32;"Sachsen";14
"2020-04-27";29;"Sachsen";14
"2020-04-28";31;"Sachsen";14
"2020-04-29";31;"Sachsen";14
"2020-04-30";32;"Sachsen";14
"2020-05-01";29;"Sachsen";14
"2020-05-02";26;"Sachsen";14
"2020-05-03";30;"Sachsen";14
"2020-05-04";30;"Sachsen";14
"2020-05-05";27;"Sachsen";14
"2020-05-06";42;"Sachsen";14
"2020-05-07";38;"Sachsen";14
"2020-05-08";31;"Sachsen";14
"2020-05-09";29;"Sachsen";14
"2020-05-10";27;"Sachsen";14
"2020-05-11";26;"Sachsen";14
"2020-05-12";31;"Sachsen";14
"2020-05-13";26;"Sachsen";14
"2020-05-14";25;"Sachsen";14
"2020-05-15";22;"Sachsen";14
"2020-05-16";21;"Sachsen";14
"2020-05-17";23;"Sachsen";14
"2020-05-18";23;"Sachsen";14
"2020-05-19";21;"Sachsen";14
"2020-05-20";20;"Sachsen";14
"2020-05-21";19;"Sachsen";14
"2020-05-22";17;"Sachsen";14
"2020-05-23";18;"Sachsen";14
"2020-05-24";18;"Sachsen";14
"2020-05-25";21;"Sachsen";14
"2020-05-26";19;"Sachsen";14
"2020-05-27";18;"Sachsen";14
"2020-05-28";17;"Sachsen";14
"2020-05-29";17;"Sachsen";14
"2020-05-30";15;"Sachsen";14
"2020-05-31";15;"Sachsen";14
"2020-06-01";17;"Sachsen";14
"2020-06-02";17;"Sachsen";14
"2020-06-03";20;"Sachsen";14
"2020-06-04";20;"Sachsen";14
"2020-06-05";16;"Sachsen";14
"2020-06-06";13;"Sachsen";14
"2020-06-07";15;"Sachsen";14
"2020-06-08";15;"Sachsen";14
"2020-06-09";14;"Sachsen";14
"2020-06-10";15;"Sachsen";14
"2020-06-11";15;"Sachsen";14
"2020-06-12";13;"Sachsen";14
"2020-06-13";12;"Sachsen";14
"2020-06-14";13;"Sachsen";14
"2020-06-15";15;"Sachsen";14
"2020-06-16";21;"Sachsen";14
"2020-03-01";16;"Saarland";10
"2020-03-02";16;"Saarland";10
"2020-03-03";39;"Saarland";10
"2020-03-04";20;"Saarland";10
"2020-03-05";18;"Saarland";10
"2020-03-06";25;"Saarland";10
"2020-03-07";20;"Saarland";10
"2020-03-08";29;"Saarland";10
"2020-03-09";33;"Saarland";10
"2020-03-10";38;"Saarland";10
"2020-03-11";65;"Saarland";10
"2020-03-12";84;"Saarland";10
"2020-03-13";98;"Saarland";10
"2020-03-14";93;"Saarland";10
"2020-03-15";100;"Saarland";10
"2020-03-16";90;"Saarland";10
"2020-03-17";87;"Saarland";10
"2020-03-18";76;"Saarland";10
"2020-03-19";76;"Saarland";10
"2020-03-20";81;"Saarland";10
"2020-03-21";81;"Saarland";10
"2020-03-22";80;"Saarland";10
"2020-03-23";67;"Saarland";10
"2020-03-24";58;"Saarland";10
"2020-03-25";57;"Saarland";10
"2020-03-26";58;"Saarland";10
"2020-03-27";51;"Saarland";10
"2020-03-28";56;"Saarland";10
"2020-03-29";49;"Saarland";10
"2020-03-30";52;"Saarland";10
"2020-03-31";51;"Saarland";10
"2020-04-01";53;"Saarland";10
"2020-04-02";43;"Saarland";10
"2020-04-03";42;"Saarland";10
"2020-04-04";47;"Saarland";10
"2020-04-05";42;"Saarland";10
"2020-04-06";43;"Saarland";10
"2020-04-07";38;"Saarland";10
"2020-04-08";32;"Saarland";10
"2020-04-09";32;"Saarland";10
"2020-04-10";34;"Saarland";10
"2020-04-11";33;"Saarland";10
"2020-04-12";34;"Saarland";10
"2020-04-13";34;"Saarland";10
"2020-04-14";32;"Saarland";10
"2020-04-15";53;"Saarland";10
"2020-04-16";38;"Saarland";10
"2020-04-17";31;"Saarland";10
"2020-04-18";29;"Saarland";10
"2020-04-19";27;"Saarland";10
"2020-04-20";29;"Saarland";10
"2020-04-21";27;"Saarland";10
"2020-04-22";32;"Saarland";10
"2020-04-23";30;"Saarland";10
"2020-04-24";25;"Saarland";10
"2020-04-25";24;"Saarland";10
"2020-04-26";28;"Saarland";10
"2020-04-27";29;"Saarland";10
"2020-04-28";29;"Saarland";10
"2020-04-29";28;"Saarland";10
"2020-04-30";27;"Saarland";10
"2020-05-01";22;"Saarland";10
"2020-05-02";29;"Saarland";10
"2020-05-03";26;"Saarland";10
"2020-05-04";26;"Saarland";10
"2020-05-05";25;"Saarland";10
"2020-05-06";32;"Saarland";10
"2020-05-07";29;"Saarland";10
"2020-05-08";21;"Saarland";10
"2020-05-09";23;"Saarland";10
"2020-05-10";27;"Saarland";10
"2020-05-11";25;"Saarland";10
"2020-05-12";25;"Saarland";10
"2020-05-13";26;"Saarland";10
"2020-05-14";23;"Saarland";10
"2020-05-15";23;"Saarland";10
"2020-05-16";23;"Saarland";10
"2020-05-17";21;"Saarland";10
"2020-05-18";23;"Saarland";10
"2020-05-19";19;"Saarland";10
"2020-05-20";17;"Saarland";10
"2020-05-21";23;"Saarland";10
"2020-05-22";14;"Saarland";10
"2020-05-23";19;"Saarland";10
"2020-05-24";22;"Saarland";10
"2020-05-25";22;"Saarland";10
"2020-05-26";18;"Saarland";10
"2020-05-27";19;"Saarland";10
"2020-05-28";18;"Saarland";10
"2020-05-29";22;"Saarland";10
"2020-05-30";19;"Saarland";10
"2020-05-31";18;"Saarland";10
"2020-06-01";18;"Saarland";10
"2020-06-02";19;"Saarland";10
"2020-06-03";17;"Saarland";10
"2020-06-04";18;"Saarland";10
"2020-06-05";15;"Saarland";10
"2020-06-06";15;"Saarland";10
"2020-06-07";15;"Saarland";10
"2020-06-08";17;"Saarland";10
"2020-06-09";14;"Saarland";10
"2020-06-10";16;"Saarland";10
"2020-06-11";16;"Saarland";10
"2020-06-12";15;"Saarland";10
"2020-06-13";13;"Saarland";10
"2020-06-14";15;"Saarland";10
"2020-06-15";17;"Saarland";10
"2020-06-16";25;"Saarland";10
"2020-03-01";18;"Rheinland-Pfalz";7
"2020-03-02";19;"Rheinland-Pfalz";7
"2020-03-03";19;"Rheinland-Pfalz";7
"2020-03-04";17;"Rheinland-Pfalz";7
"2020-03-05";20;"Rheinland-Pfalz";7
"2020-03-06";22;"Rheinland-Pfalz";7
"2020-03-07";16;"Rheinland-Pfalz";7
"2020-03-08";25;"Rheinland-Pfalz";7
"2020-03-09";30;"Rheinland-Pfalz";7
"2020-03-10";39;"Rheinland-Pfalz";7
"2020-03-11";45;"Rheinland-Pfalz";7
"2020-03-12";77;"Rheinland-Pfalz";7
"2020-03-13";100;"Rheinland-Pfalz";7
"2020-03-14";93;"Rheinland-Pfalz";7
"2020-03-15";92;"Rheinland-Pfalz";7
"2020-03-16";94;"Rheinland-Pfalz";7
"2020-03-17";87;"Rheinland-Pfalz";7
"2020-03-18";81;"Rheinland-Pfalz";7
"2020-03-19";79;"Rheinland-Pfalz";7
"2020-03-20";84;"Rheinland-Pfalz";7
"2020-03-21";82;"Rheinland-Pfalz";7
"2020-03-22";89;"Rheinland-Pfalz";7
"2020-03-23";70;"Rheinland-Pfalz";7
"2020-03-24";60;"Rheinland-Pfalz";7
"2020-03-25";61;"Rheinland-Pfalz";7
"2020-03-26";55;"Rheinland-Pfalz";7
"2020-03-27";56;"Rheinland-Pfalz";7
"2020-03-28";59;"Rheinland-Pfalz";7
"2020-03-29";55;"Rheinland-Pfalz";7
"2020-03-30";52;"Rheinland-Pfalz";7
"2020-03-31";48;"Rheinland-Pfalz";7
"2020-04-01";48;"Rheinland-Pfalz";7
"2020-04-02";44;"Rheinland-Pfalz";7
"2020-04-03";39;"Rheinland-Pfalz";7
"2020-04-04";44;"Rheinland-Pfalz";7
"2020-04-05";45;"Rheinland-Pfalz";7
"2020-04-06";38;"Rheinland-Pfalz";7
"2020-04-07";39;"Rheinland-Pfalz";7
"2020-04-08";36;"Rheinland-Pfalz";7
"2020-04-09";38;"Rheinland-Pfalz";7
"2020-04-10";36;"Rheinland-Pfalz";7
"2020-04-11";34;"Rheinland-Pfalz";7
"2020-04-12";33;"Rheinland-Pfalz";7
"2020-04-13";36;"Rheinland-Pfalz";7
"2020-04-14";34;"Rheinland-Pfalz";7
"2020-04-15";56;"Rheinland-Pfalz";7
"2020-04-16";40;"Rheinland-Pfalz";7
"2020-04-17";35;"Rheinland-Pfalz";7
"2020-04-18";32;"Rheinland-Pfalz";7
"2020-04-19";30;"Rheinland-Pfalz";7
"2020-04-20";31;"Rheinland-Pfalz";7
"2020-04-21";31;"Rheinland-Pfalz";7
"2020-04-22";31;"Rheinland-Pfalz";7
"2020-04-23";30;"Rheinland-Pfalz";7
"2020-04-24";28;"Rheinland-Pfalz";7
"2020-04-25";28;"Rheinland-Pfalz";7
"2020-04-26";30;"Rheinland-Pfalz";7
"2020-04-27";28;"Rheinland-Pfalz";7
"2020-04-28";30;"Rheinland-Pfalz";7
"2020-04-29";30;"Rheinland-Pfalz";7
"2020-04-30";30;"Rheinland-Pfalz";7
"2020-05-01";26;"Rheinland-Pfalz";7
"2020-05-02";26;"Rheinland-Pfalz";7
"2020-05-03";30;"Rheinland-Pfalz";7
"2020-05-04";28;"Rheinland-Pfalz";7
"2020-05-05";28;"Rheinland-Pfalz";7
"2020-05-06";48;"Rheinland-Pfalz";7
"2020-05-07";36;"Rheinland-Pfalz";7
"2020-05-08";29;"Rheinland-Pfalz";7
"2020-05-09";27;"Rheinland-Pfalz";7
"2020-05-10";28;"Rheinland-Pfalz";7
"2020-05-11";29;"Rheinland-Pfalz";7
"2020-05-12";30;"Rheinland-Pfalz";7
"2020-05-13";29;"Rheinland-Pfalz";7
"2020-05-14";26;"Rheinland-Pfalz";7
"2020-05-15";23;"Rheinland-Pfalz";7
"2020-05-16";23;"Rheinland-Pfalz";7
"2020-05-17";25;"Rheinland-Pfalz";7
"2020-05-18";24;"Rheinland-Pfalz";7
"2020-05-19";23;"Rheinland-Pfalz";7
"2020-05-20";25;"Rheinland-Pfalz";7
"2020-05-21";22;"Rheinland-Pfalz";7
"2020-05-22";19;"Rheinland-Pfalz";7
"2020-05-23";21;"Rheinland-Pfalz";7
"2020-05-24";22;"Rheinland-Pfalz";7
"2020-05-25";23;"Rheinland-Pfalz";7
"2020-05-26";25;"Rheinland-Pfalz";7
"2020-05-27";23;"Rheinland-Pfalz";7
"2020-05-28";20;"Rheinland-Pfalz";7
"2020-05-29";20;"Rheinland-Pfalz";7
"2020-05-30";20;"Rheinland-Pfalz";7
"2020-05-31";20;"Rheinland-Pfalz";7
"2020-06-01";20;"Rheinland-Pfalz";7
"2020-06-02";19;"Rheinland-Pfalz";7
"2020-06-03";18;"Rheinland-Pfalz";7
"2020-06-04";21;"Rheinland-Pfalz";7
"2020-06-05";18;"Rheinland-Pfalz";7
"2020-06-06";17;"Rheinland-Pfalz";7
"2020-06-07";19;"Rheinland-Pfalz";7
"2020-06-08";18;"Rheinland-Pfalz";7
"2020-06-09";18;"Rheinland-Pfalz";7
"2020-06-10";18;"Rheinland-Pfalz";7
"2020-06-11";15;"Rheinland-Pfalz";7
"2020-06-12";15;"Rheinland-Pfalz";7
"2020-06-13";14;"Rheinland-Pfalz";7
"2020-06-14";17;"Rheinland-Pfalz";7
"2020-06-15";19;"Rheinland-Pfalz";7
"2020-06-16";29;"Rheinland-Pfalz";7
"2020-03-01";24;"Nordrhein-Westfalen";5
"2020-03-02";24;"Nordrhein-Westfalen";5
"2020-03-03";20;"Nordrhein-Westfalen";5
"2020-03-04";22;"Nordrhein-Westfalen";5
"2020-03-05";25;"Nordrhein-Westfalen";5
"2020-03-06";24;"Nordrhein-Westfalen";5
"2020-03-07";20;"Nordrhein-Westfalen";5
"2020-03-08";25;"Nordrhein-Westfalen";5
"2020-03-09";31;"Nordrhein-Westfalen";5
"2020-03-10";38;"Nordrhein-Westfalen";5
"2020-03-11";46;"Nordrhein-Westfalen";5
"2020-03-12";70;"Nordrhein-Westfalen";5
"2020-03-13";100;"Nordrhein-Westfalen";5
"2020-03-14";87;"Nordrhein-Westfalen";5
"2020-03-15";100;"Nordrhein-Westfalen";5
"2020-03-16";95;"Nordrhein-Westfalen";5
"2020-03-17";89;"Nordrhein-Westfalen";5
"2020-03-18";84;"Nordrhein-Westfalen";5
"2020-03-19";81;"Nordrhein-Westfalen";5
"2020-03-20";81;"Nordrhein-Westfalen";5
"2020-03-21";82;"Nordrhein-Westfalen";5
"2020-03-22";87;"Nordrhein-Westfalen";5
"2020-03-23";68;"Nordrhein-Westfalen";5
"2020-03-24";62;"Nordrhein-Westfalen";5
"2020-03-25";60;"Nordrhein-Westfalen";5
"2020-03-26";55;"Nordrhein-Westfalen";5
"2020-03-27";56;"Nordrhein-Westfalen";5
"2020-03-28";57;"Nordrhein-Westfalen";5
"2020-03-29";55;"Nordrhein-Westfalen";5
"2020-03-30";49;"Nordrhein-Westfalen";5
"2020-03-31";47;"Nordrhein-Westfalen";5
"2020-04-01";47;"Nordrhein-Westfalen";5
"2020-04-02";45;"Nordrhein-Westfalen";5
"2020-04-03";42;"Nordrhein-Westfalen";5
"2020-04-04";42;"Nordrhein-Westfalen";5
"2020-04-05";44;"Nordrhein-Westfalen";5
"2020-04-06";42;"Nordrhein-Westfalen";5
"2020-04-07";39;"Nordrhein-Westfalen";5
"2020-04-08";38;"Nordrhein-Westfalen";5
"2020-04-09";36;"Nordrhein-Westfalen";5
"2020-04-10";36;"Nordrhein-Westfalen";5
"2020-04-11";35;"Nordrhein-Westfalen";5
"2020-04-12";35;"Nordrhein-Westfalen";5
"2020-04-13";37;"Nordrhein-Westfalen";5
"2020-04-14";35;"Nordrhein-Westfalen";5
"2020-04-15";58;"Nordrhein-Westfalen";5
"2020-04-16";41;"Nordrhein-Westfalen";5
"2020-04-17";35;"Nordrhein-Westfalen";5
"2020-04-18";32;"Nordrhein-Westfalen";5
"2020-04-19";32;"Nordrhein-Westfalen";5
"2020-04-20";32;"Nordrhein-Westfalen";5
"2020-04-21";30;"Nordrhein-Westfalen";5
"2020-04-22";32;"Nordrhein-Westfalen";5
"2020-04-23";33;"Nordrhein-Westfalen";5
"2020-04-24";29;"Nordrhein-Westfalen";5
"2020-04-25";29;"Nordrhein-Westfalen";5
"2020-04-26";30;"Nordrhein-Westfalen";5
"2020-04-27";29;"Nordrhein-Westfalen";5
"2020-04-28";29;"Nordrhein-Westfalen";5
"2020-04-29";32;"Nordrhein-Westfalen";5
"2020-04-30";33;"Nordrhein-Westfalen";5
"2020-05-01";28;"Nordrhein-Westfalen";5
"2020-05-02";26;"Nordrhein-Westfalen";5
"2020-05-03";31;"Nordrhein-Westfalen";5
"2020-05-04";30;"Nordrhein-Westfalen";5
"2020-05-05";30;"Nordrhein-Westfalen";5
"2020-05-06";49;"Nordrhein-Westfalen";5
"2020-05-07";38;"Nordrhein-Westfalen";5
"2020-05-08";32;"Nordrhein-Westfalen";5
"2020-05-09";31;"Nordrhein-Westfalen";5
"2020-05-10";32;"Nordrhein-Westfalen";5
"2020-05-11";30;"Nordrhein-Westfalen";5
"2020-05-12";27;"Nordrhein-Westfalen";5
"2020-05-13";27;"Nordrhein-Westfalen";5
"2020-05-14";25;"Nordrhein-Westfalen";5
"2020-05-15";24;"Nordrhein-Westfalen";5
"2020-05-16";23;"Nordrhein-Westfalen";5
"2020-05-17";23;"Nordrhein-Westfalen";5
"2020-05-18";24;"Nordrhein-Westfalen";5
"2020-05-19";22;"Nordrhein-Westfalen";5
"2020-05-20";23;"Nordrhein-Westfalen";5
"2020-05-21";21;"Nordrhein-Westfalen";5
"2020-05-22";20;"Nordrhein-Westfalen";5
"2020-05-23";21;"Nordrhein-Westfalen";5
"2020-05-24";22;"Nordrhein-Westfalen";5
"2020-05-25";24;"Nordrhein-Westfalen";5
"2020-05-26";22;"Nordrhein-Westfalen";5
"2020-05-27";22;"Nordrhein-Westfalen";5
"2020-05-28";22;"Nordrhein-Westfalen";5
"2020-05-29";20;"Nordrhein-Westfalen";5
"2020-05-30";19;"Nordrhein-Westfalen";5
"2020-05-31";19;"Nordrhein-Westfalen";5
"2020-06-01";20;"Nordrhein-Westfalen";5
"2020-06-02";20;"Nordrhein-Westfalen";5
"2020-06-03";20;"Nordrhein-Westfalen";5
"2020-06-04";20;"Nordrhein-Westfalen";5
"2020-06-05";18;"Nordrhein-Westfalen";5
"2020-06-06";16;"Nordrhein-Westfalen";5
"2020-06-07";18;"Nordrhein-Westfalen";5
"2020-06-08";18;"Nordrhein-Westfalen";5
"2020-06-09";17;"Nordrhein-Westfalen";5
"2020-06-10";17;"Nordrhein-Westfalen";5
"2020-06-11";19;"Nordrhein-Westfalen";5
"2020-06-12";16;"Nordrhein-Westfalen";5
"2020-06-13";15;"Nordrhein-Westfalen";5
"2020-06-14";17;"Nordrhein-Westfalen";5
"2020-06-15";20;"Nordrhein-Westfalen";5
"2020-06-16";29;"Nordrhein-Westfalen";5
"2020-03-01";21;"Niedersachsen";3
"2020-03-02";20;"Niedersachsen";3
"2020-03-03";20;"Niedersachsen";3
"2020-03-04";21;"Niedersachsen";3
"2020-03-05";24;"Niedersachsen";3
"2020-03-06";22;"Niedersachsen";3
"2020-03-07";17;"Niedersachsen";3
"2020-03-08";22;"Niedersachsen";3
"2020-03-09";27;"Niedersachsen";3
"2020-03-10";37;"Niedersachsen";3
"2020-03-11";51;"Niedersachsen";3
"2020-03-12";87;"Niedersachsen";3
"2020-03-13";95;"Niedersachsen";3
"2020-03-14";87;"Niedersachsen";3
"2020-03-15";94;"Niedersachsen";3
"2020-03-16";100;"Niedersachsen";3
"2020-03-17";89;"Niedersachsen";3
"2020-03-18";85;"Niedersachsen";3
"2020-03-19";85;"Niedersachsen";3
"2020-03-20";85;"Niedersachsen";3
"2020-03-21";84;"Niedersachsen";3
"2020-03-22";92;"Niedersachsen";3
"2020-03-23";73;"Niedersachsen";3
"2020-03-24";62;"Niedersachsen";3
"2020-03-25";59;"Niedersachsen";3
"2020-03-26";55;"Niedersachsen";3
"2020-03-27";57;"Niedersachsen";3
"2020-03-28";59;"Niedersachsen";3
"2020-03-29";54;"Niedersachsen";3
"2020-03-30";54;"Niedersachsen";3
"2020-03-31";51;"Niedersachsen";3
"2020-04-01";48;"Niedersachsen";3
"2020-04-02";47;"Niedersachsen";3
"2020-04-03";45;"Niedersachsen";3
"2020-04-04";50;"Niedersachsen";3
"2020-04-05";48;"Niedersachsen";3
"2020-04-06";44;"Niedersachsen";3
"2020-04-07";41;"Niedersachsen";3
"2020-04-08";42;"Niedersachsen";3
"2020-04-09";38;"Niedersachsen";3
"2020-04-10";35;"Niedersachsen";3
"2020-04-11";36;"Niedersachsen";3
"2020-04-12";36;"Niedersachsen";3
"2020-04-13";39;"Niedersachsen";3
"2020-04-14";37;"Niedersachsen";3
"2020-04-15";65;"Niedersachsen";3
"2020-04-16";46;"Niedersachsen";3
"2020-04-17";38;"Niedersachsen";3
"2020-04-18";33;"Niedersachsen";3
"2020-04-19";33;"Niedersachsen";3
"2020-04-20";31;"Niedersachsen";3
"2020-04-21";31;"Niedersachsen";3
"2020-04-22";32;"Niedersachsen";3
"2020-04-23";31;"Niedersachsen";3
"2020-04-24";29;"Niedersachsen";3
"2020-04-25";29;"Niedersachsen";3
"2020-04-26";29;"Niedersachsen";3
"2020-04-27";29;"Niedersachsen";3
"2020-04-28";29;"Niedersachsen";3
"2020-04-29";30;"Niedersachsen";3
"2020-04-30";31;"Niedersachsen";3
"2020-05-01";28;"Niedersachsen";3
"2020-05-02";26;"Niedersachsen";3
"2020-05-03";30;"Niedersachsen";3
"2020-05-04";33;"Niedersachsen";3
"2020-05-05";30;"Niedersachsen";3
"2020-05-06";42;"Niedersachsen";3
"2020-05-07";33;"Niedersachsen";3
"2020-05-08";30;"Niedersachsen";3
"2020-05-09";29;"Niedersachsen";3
"2020-05-10";29;"Niedersachsen";3
"2020-05-11";30;"Niedersachsen";3
"2020-05-12";26;"Niedersachsen";3
"2020-05-13";27;"Niedersachsen";3
"2020-05-14";24;"Niedersachsen";3
"2020-05-15";23;"Niedersachsen";3
"2020-05-16";22;"Niedersachsen";3
"2020-05-17";24;"Niedersachsen";3
"2020-05-18";25;"Niedersachsen";3
"2020-05-19";24;"Niedersachsen";3
"2020-05-20";23;"Niedersachsen";3
"2020-05-21";22;"Niedersachsen";3
"2020-05-22";21;"Niedersachsen";3
"2020-05-23";23;"Niedersachsen";3
"2020-05-24";23;"Niedersachsen";3
"2020-05-25";24;"Niedersachsen";3
"2020-05-26";23;"Niedersachsen";3
"2020-05-27";23;"Niedersachsen";3
"2020-05-28";22;"Niedersachsen";3
"2020-05-29";20;"Niedersachsen";3
"2020-05-30";21;"Niedersachsen";3
"2020-05-31";20;"Niedersachsen";3
"2020-06-01";21;"Niedersachsen";3
"2020-06-02";22;"Niedersachsen";3
"2020-06-03";21;"Niedersachsen";3
"2020-06-04";23;"Niedersachsen";3
"2020-06-05";22;"Niedersachsen";3
"2020-06-06";18;"Niedersachsen";3
"2020-06-07";19;"Niedersachsen";3
"2020-06-08";21;"Niedersachsen";3
"2020-06-09";21;"Niedersachsen";3
"2020-06-10";18;"Niedersachsen";3
"2020-06-11";18;"Niedersachsen";3
"2020-06-12";17;"Niedersachsen";3
"2020-06-13";16;"Niedersachsen";3
"2020-06-14";17;"Niedersachsen";3
"2020-06-15";21;"Niedersachsen";3
"2020-06-16";28;"Niedersachsen";3
"2020-03-01";14;"Mecklenburg-Vorpommern";13
"2020-03-02";15;"Mecklenburg-Vorpommern";13
"2020-03-03";21;"Mecklenburg-Vorpommern";13
"2020-03-04";22;"Mecklenburg-Vorpommern";13
"2020-03-05";16;"Mecklenburg-Vorpommern";13
"2020-03-06";17;"Mecklenburg-Vorpommern";13
"2020-03-07";15;"Mecklenburg-Vorpommern";13
"2020-03-08";18;"Mecklenburg-Vorpommern";13
"2020-03-09";21;"Mecklenburg-Vorpommern";13
"2020-03-10";26;"Mecklenburg-Vorpommern";13
"2020-03-11";40;"Mecklenburg-Vorpommern";13
"2020-03-12";67;"Mecklenburg-Vorpommern";13
"2020-03-13";100;"Mecklenburg-Vorpommern";13
"2020-03-14";86;"Mecklenburg-Vorpommern";13
"2020-03-15";87;"Mecklenburg-Vorpommern";13
"2020-03-16";82;"Mecklenburg-Vorpommern";13
"2020-03-17";79;"Mecklenburg-Vorpommern";13
"2020-03-18";76;"Mecklenburg-Vorpommern";13
"2020-03-19";75;"Mecklenburg-Vorpommern";13
"2020-03-20";74;"Mecklenburg-Vorpommern";13
"2020-03-21";74;"Mecklenburg-Vorpommern";13
"2020-03-22";86;"Mecklenburg-Vorpommern";13
"2020-03-23";67;"Mecklenburg-Vorpommern";13
"2020-03-24";59;"Mecklenburg-Vorpommern";13
"2020-03-25";48;"Mecklenburg-Vorpommern";13
"2020-03-26";54;"Mecklenburg-Vorpommern";13
"2020-03-27";49;"Mecklenburg-Vorpommern";13
"2020-03-28";54;"Mecklenburg-Vorpommern";13
"2020-03-29";49;"Mecklenburg-Vorpommern";13
"2020-03-30";46;"Mecklenburg-Vorpommern";13
"2020-03-31";43;"Mecklenburg-Vorpommern";13
"2020-04-01";44;"Mecklenburg-Vorpommern";13
"2020-04-02";44;"Mecklenburg-Vorpommern";13
"2020-04-03";40;"Mecklenburg-Vorpommern";13
"2020-04-04";43;"Mecklenburg-Vorpommern";13
"2020-04-05";42;"Mecklenburg-Vorpommern";13
"2020-04-06";40;"Mecklenburg-Vorpommern";13
"2020-04-07";42;"Mecklenburg-Vorpommern";13
"2020-04-08";38;"Mecklenburg-Vorpommern";13
"2020-04-09";37;"Mecklenburg-Vorpommern";13
"2020-04-10";33;"Mecklenburg-Vorpommern";13
"2020-04-11";33;"Mecklenburg-Vorpommern";13
"2020-04-12";35;"Mecklenburg-Vorpommern";13
"2020-04-13";35;"Mecklenburg-Vorpommern";13
"2020-04-14";36;"Mecklenburg-Vorpommern";13
"2020-04-15";55;"Mecklenburg-Vorpommern";13
"2020-04-16";43;"Mecklenburg-Vorpommern";13
"2020-04-17";31;"Mecklenburg-Vorpommern";13
"2020-04-18";32;"Mecklenburg-Vorpommern";13
"2020-04-19";32;"Mecklenburg-Vorpommern";13
"2020-04-20";27;"Mecklenburg-Vorpommern";13
"2020-04-21";28;"Mecklenburg-Vorpommern";13
"2020-04-22";33;"Mecklenburg-Vorpommern";13
"2020-04-23";30;"Mecklenburg-Vorpommern";13
"2020-04-24";29;"Mecklenburg-Vorpommern";13
"2020-04-25";28;"Mecklenburg-Vorpommern";13
"2020-04-26";29;"Mecklenburg-Vorpommern";13
"2020-04-27";26;"Mecklenburg-Vorpommern";13
"2020-04-28";30;"Mecklenburg-Vorpommern";13
"2020-04-29";27;"Mecklenburg-Vorpommern";13
"2020-04-30";29;"Mecklenburg-Vorpommern";13
"2020-05-01";22;"Mecklenburg-Vorpommern";13
"2020-05-02";24;"Mecklenburg-Vorpommern";13
"2020-05-03";24;"Mecklenburg-Vorpommern";13
"2020-05-04";24;"Mecklenburg-Vorpommern";13
"2020-05-05";31;"Mecklenburg-Vorpommern";13
"2020-05-06";32;"Mecklenburg-Vorpommern";13
"2020-05-07";34;"Mecklenburg-Vorpommern";13
"2020-05-08";28;"Mecklenburg-Vorpommern";13
"2020-05-09";25;"Mecklenburg-Vorpommern";13
"2020-05-10";29;"Mecklenburg-Vorpommern";13
"2020-05-11";26;"Mecklenburg-Vorpommern";13
"2020-05-12";23;"Mecklenburg-Vorpommern";13
"2020-05-13";24;"Mecklenburg-Vorpommern";13
"2020-05-14";19;"Mecklenburg-Vorpommern";13
"2020-05-15";21;"Mecklenburg-Vorpommern";13
"2020-05-16";22;"Mecklenburg-Vorpommern";13
"2020-05-17";20;"Mecklenburg-Vorpommern";13
"2020-05-18";21;"Mecklenburg-Vorpommern";13
"2020-05-19";22;"Mecklenburg-Vorpommern";13
"2020-05-20";19;"Mecklenburg-Vorpommern";13
"2020-05-21";21;"Mecklenburg-Vorpommern";13
"2020-05-22";17;"Mecklenburg-Vorpommern";13
"2020-05-23";16;"Mecklenburg-Vorpommern";13
"2020-05-24";18;"Mecklenburg-Vorpommern";13
"2020-05-25";17;"Mecklenburg-Vorpommern";13
"2020-05-26";19;"Mecklenburg-Vorpommern";13
"2020-05-27";20;"Mecklenburg-Vorpommern";13
"2020-05-28";16;"Mecklenburg-Vorpommern";13
"2020-05-29";16;"Mecklenburg-Vorpommern";13
"2020-05-30";15;"Mecklenburg-Vorpommern";13
"2020-05-31";16;"Mecklenburg-Vorpommern";13
"2020-06-01";17;"Mecklenburg-Vorpommern";13
"2020-06-02";18;"Mecklenburg-Vorpommern";13
"2020-06-03";18;"Mecklenburg-Vorpommern";13
"2020-06-04";19;"Mecklenburg-Vorpommern";13
"2020-06-05";17;"Mecklenburg-Vorpommern";13
"2020-06-06";13;"Mecklenburg-Vorpommern";13
"2020-06-07";18;"Mecklenburg-Vorpommern";13
"2020-06-08";18;"Mecklenburg-Vorpommern";13
"2020-06-09";18;"Mecklenburg-Vorpommern";13
"2020-06-10";15;"Mecklenburg-Vorpommern";13
"2020-06-11";16;"Mecklenburg-Vorpommern";13
"2020-06-12";14;"Mecklenburg-Vorpommern";13
"2020-06-13";15;"Mecklenburg-Vorpommern";13
"2020-06-14";16;"Mecklenburg-Vorpommern";13
"2020-06-15";18;"Mecklenburg-Vorpommern";13
"2020-06-16";24;"Mecklenburg-Vorpommern";13
"2020-03-01";23;"Hessen";6
"2020-03-02";24;"Hessen";6
"2020-03-03";23;"Hessen";6
"2020-03-04";21;"Hessen";6
"2020-03-05";23;"Hessen";6
"2020-03-06";24;"Hessen";6
"2020-03-07";19;"Hessen";6
"2020-03-08";23;"Hessen";6
"2020-03-09";30;"Hessen";6
"2020-03-10";35;"Hessen";6
"2020-03-11";46;"Hessen";6
"2020-03-12";74;"Hessen";6
"2020-03-13";100;"Hessen";6
"2020-03-14";88;"Hessen";6
"2020-03-15";93;"Hessen";6
"2020-03-16";90;"Hessen";6
"2020-03-17";87;"Hessen";6
"2020-03-18";77;"Hessen";6
"2020-03-19";76;"Hessen";6
"2020-03-20";82;"Hessen";6
"2020-03-21";82;"Hessen";6
"2020-03-22";86;"Hessen";6
"2020-03-23";65;"Hessen";6
"2020-03-24";60;"Hessen";6
"2020-03-25";57;"Hessen";6
"2020-03-26";54;"Hessen";6
"2020-03-27";55;"Hessen";6
"2020-03-28";56;"Hessen";6
"2020-03-29";52;"Hessen";6
"2020-03-30";51;"Hessen";6
"2020-03-31";46;"Hessen";6
"2020-04-01";44;"Hessen";6
"2020-04-02";45;"Hessen";6
"2020-04-03";41;"Hessen";6
"2020-04-04";41;"Hessen";6
"2020-04-05";43;"Hessen";6
"2020-04-06";40;"Hessen";6
"2020-04-07";38;"Hessen";6
"2020-04-08";36;"Hessen";6
"2020-04-09";32;"Hessen";6
"2020-04-10";33;"Hessen";6
"2020-04-11";33;"Hessen";6
"2020-04-12";31;"Hessen";6
"2020-04-13";34;"Hessen";6
"2020-04-14";34;"Hessen";6
"2020-04-15";52;"Hessen";6
"2020-04-16";38;"Hessen";6
"2020-04-17";32;"Hessen";6
"2020-04-18";29;"Hessen";6
"2020-04-19";32;"Hessen";6
"2020-04-20";30;"Hessen";6
"2020-04-21";29;"Hessen";6
"2020-04-22";28;"Hessen";6
"2020-04-23";29;"Hessen";6
"2020-04-24";29;"Hessen";6
"2020-04-25";27;"Hessen";6
"2020-04-26";29;"Hessen";6
"2020-04-27";27;"Hessen";6
"2020-04-28";28;"Hessen";6
"2020-04-29";28;"Hessen";6
"2020-04-30";29;"Hessen";6
"2020-05-01";26;"Hessen";6
"2020-05-02";25;"Hessen";6
"2020-05-03";28;"Hessen";6
"2020-05-04";27;"Hessen";6
"2020-05-05";29;"Hessen";6
"2020-05-06";38;"Hessen";6
"2020-05-07";36;"Hessen";6
"2020-05-08";28;"Hessen";6
"2020-05-09";25;"Hessen";6
"2020-05-10";28;"Hessen";6
"2020-05-11";27;"Hessen";6
"2020-05-12";25;"Hessen";6
"2020-05-13";24;"Hessen";6
"2020-05-14";23;"Hessen";6
"2020-05-15";22;"Hessen";6
"2020-05-16";22;"Hessen";6
"2020-05-17";22;"Hessen";6
"2020-05-18";22;"Hessen";6
"2020-05-19";21;"Hessen";6
"2020-05-20";20;"Hessen";6
"2020-05-21";20;"Hessen";6
"2020-05-22";18;"Hessen";6
"2020-05-23";19;"Hessen";6
"2020-05-24";21;"Hessen";6
"2020-05-25";21;"Hessen";6
"2020-05-26";22;"Hessen";6
"2020-05-27";20;"Hessen";6
"2020-05-28";19;"Hessen";6
"2020-05-29";17;"Hessen";6
"2020-05-30";17;"Hessen";6
"2020-05-31";18;"Hessen";6
"2020-06-01";19;"Hessen";6
"2020-06-02";19;"Hessen";6
"2020-06-03";17;"Hessen";6
"2020-06-04";19;"Hessen";6
"2020-06-05";17;"Hessen";6
"2020-06-06";16;"Hessen";6
"2020-06-07";17;"Hessen";6
"2020-06-08";18;"Hessen";6
"2020-06-09";17;"Hessen";6
"2020-06-10";21;"Hessen";6
"2020-06-11";18;"Hessen";6
"2020-06-12";15;"Hessen";6
"2020-06-13";15;"Hessen";6
"2020-06-14";16;"Hessen";6
"2020-06-15";18;"Hessen";6
"2020-06-16";27;"Hessen";6
"2020-03-01";20;"Baden-Württemberg";8
"2020-03-02";23;"Baden-Württemberg";8
"2020-03-03";22;"Baden-Württemberg";8
"2020-03-04";24;"Baden-Württemberg";8
"2020-03-05";26;"Baden-Württemberg";8
"2020-03-06";31;"Baden-Württemberg";8
"2020-03-07";26;"Baden-Württemberg";8
"2020-03-08";30;"Baden-Württemberg";8
"2020-03-09";36;"Baden-Württemberg";8
"2020-03-10";41;"Baden-Württemberg";8
"2020-03-11";53;"Baden-Württemberg";8
"2020-03-12";75;"Baden-Württemberg";8
"2020-03-13";100;"Baden-Württemberg";8
"2020-03-14";89;"Baden-Württemberg";8
"2020-03-15";90;"Baden-Württemberg";8
"2020-03-16";91;"Baden-Württemberg";8
"2020-03-17";83;"Baden-Württemberg";8
"2020-03-18";81;"Baden-Württemberg";8
"2020-03-19";77;"Baden-Württemberg";8
"2020-03-20";82;"Baden-Württemberg";8
"2020-03-21";78;"Baden-Württemberg";8
"2020-03-22";83;"Baden-Württemberg";8
"2020-03-23";63;"Baden-Württemberg";8
"2020-03-24";59;"Baden-Württemberg";8
"2020-03-25";58;"Baden-Württemberg";8
"2020-03-26";56;"Baden-Württemberg";8
"2020-03-27";55;"Baden-Württemberg";8
"2020-03-28";57;"Baden-Württemberg";8
"2020-03-29";54;"Baden-Württemberg";8
"2020-03-30";50;"Baden-Württemberg";8
"2020-03-31";48;"Baden-Württemberg";8
"2020-04-01";48;"Baden-Württemberg";8
"2020-04-02";45;"Baden-Württemberg";8
"2020-04-03";44;"Baden-Württemberg";8
"2020-04-04";44;"Baden-Württemberg";8
"2020-04-05";44;"Baden-Württemberg";8
"2020-04-06";41;"Baden-Württemberg";8
"2020-04-07";39;"Baden-Württemberg";8
"2020-04-08";37;"Baden-Württemberg";8
"2020-04-09";36;"Baden-Württemberg";8
"2020-04-10";34;"Baden-Württemberg";8
"2020-04-11";35;"Baden-Württemberg";8
"2020-04-12";33;"Baden-Württemberg";8
"2020-04-13";36;"Baden-Württemberg";8
"2020-04-14";35;"Baden-Württemberg";8
"2020-04-15";59;"Baden-Württemberg";8
"2020-04-16";40;"Baden-Württemberg";8
"2020-04-17";34;"Baden-Württemberg";8
"2020-04-18";32;"Baden-Württemberg";8
"2020-04-19";33;"Baden-Württemberg";8
"2020-04-20";33;"Baden-Württemberg";8
"2020-04-21";32;"Baden-Württemberg";8
"2020-04-22";31;"Baden-Württemberg";8
"2020-04-23";30;"Baden-Württemberg";8
"2020-04-24";28;"Baden-Württemberg";8
"2020-04-25";29;"Baden-Württemberg";8
"2020-04-26";30;"Baden-Württemberg";8
"2020-04-27";29;"Baden-Württemberg";8
"2020-04-28";29;"Baden-Württemberg";8
"2020-04-29";30;"Baden-Württemberg";8
"2020-04-30";31;"Baden-Württemberg";8
"2020-05-01";28;"Baden-Württemberg";8
"2020-05-02";26;"Baden-Württemberg";8
"2020-05-03";30;"Baden-Württemberg";8
"2020-05-04";28;"Baden-Württemberg";8
"2020-05-05";29;"Baden-Württemberg";8
"2020-05-06";46;"Baden-Württemberg";8
"2020-05-07";33;"Baden-Württemberg";8
"2020-05-08";29;"Baden-Württemberg";8
"2020-05-09";28;"Baden-Württemberg";8
"2020-05-10";29;"Baden-Württemberg";8
"2020-05-11";27;"Baden-Württemberg";8
"2020-05-12";26;"Baden-Württemberg";8
"2020-05-13";26;"Baden-Württemberg";8
"2020-05-14";25;"Baden-Württemberg";8
"2020-05-15";24;"Baden-Württemberg";8
"2020-05-16";24;"Baden-Württemberg";8
"2020-05-17";25;"Baden-Württemberg";8
"2020-05-18";25;"Baden-Württemberg";8
"2020-05-19";21;"Baden-Württemberg";8
"2020-05-20";22;"Baden-Württemberg";8
"2020-05-21";22;"Baden-Württemberg";8
"2020-05-22";20;"Baden-Württemberg";8
"2020-05-23";20;"Baden-Württemberg";8
"2020-05-24";22;"Baden-Württemberg";8
"2020-05-25";24;"Baden-Württemberg";8
"2020-05-26";23;"Baden-Württemberg";8
"2020-05-27";22;"Baden-Württemberg";8
"2020-05-28";22;"Baden-Württemberg";8
"2020-05-29";20;"Baden-Württemberg";8
"2020-05-30";20;"Baden-Württemberg";8
"2020-05-31";19;"Baden-Württemberg";8
"2020-06-01";21;"Baden-Württemberg";8
"2020-06-02";21;"Baden-Württemberg";8
"2020-06-03";19;"Baden-Württemberg";8
"2020-06-04";20;"Baden-Württemberg";8
"2020-06-05";18;"Baden-Württemberg";8
"2020-06-06";17;"Baden-Württemberg";8
"2020-06-07";18;"Baden-Württemberg";8
"2020-06-08";19;"Baden-Württemberg";8
"2020-06-09";19;"Baden-Württemberg";8
"2020-06-10";18;"Baden-Württemberg";8
"2020-06-11";17;"Baden-Württemberg";8
"2020-06-12";16;"Baden-Württemberg";8
"2020-06-13";16;"Baden-Württemberg";8
"2020-06-14";17;"Baden-Württemberg";8
"2020-06-15";19;"Baden-Württemberg";8
"2020-06-16";27;"Baden-Württemberg";8
2020-01-01;0;"Hamburg";2
2020-01-02;0;"Hamburg";2
2020-01-03;0;"Hamburg";2
2020-01-04;0;"Hamburg";2
2020-01-05;0;"Hamburg";2
2020-01-06;0;"Hamburg";2
2020-01-07;0;"Hamburg";2
2020-01-08;0;"Hamburg";2
2020-01-09;0;"Hamburg";2
2020-01-10;0;"Hamburg";2
2020-01-11;0;"Hamburg";2
2020-01-12;0;"Hamburg";2
2020-01-13;0;"Hamburg";2
2020-01-14;0;"Hamburg";2
2020-01-15;0;"Hamburg";2
2020-01-16;0;"Hamburg";2
2020-01-17;0;"Hamburg";2
2020-01-18;0;"Hamburg";2
2020-01-19;0;"Hamburg";2
2020-01-20;0;"Hamburg";2
2020-01-21;0;"Hamburg";2
2020-01-22;0;"Hamburg";2
2020-01-23;0;"Hamburg";2
2020-01-24;1;"Hamburg";2
2020-01-25;1;"Hamburg";2
2020-01-26;1;"Hamburg";2
2020-01-27;1;"Hamburg";2
2020-01-28;3;"Hamburg";2
2020-01-29;2;"Hamburg";2
2020-01-30;3;"Hamburg";2
2020-01-31;3;"Hamburg";2
2020-02-01;2;"Hamburg";2
2020-02-02;3;"Hamburg";2
2020-02-03;3;"Hamburg";2
2020-02-04;2;"Hamburg";2
2020-02-05;2;"Hamburg";2
2020-02-06;2;"Hamburg";2
2020-02-07;2;"Hamburg";2
2020-02-08;2;"Hamburg";2
2020-02-09;1;"Hamburg";2
2020-02-10;1;"Hamburg";2
2020-02-11;1;"Hamburg";2
2020-02-12;2;"Hamburg";2
2020-02-13;1;"Hamburg";2
2020-02-14;1;"Hamburg";2
2020-02-15;2;"Hamburg";2
2020-02-16;1;"Hamburg";2
2020-02-17;1;"Hamburg";2
2020-02-18;1;"Hamburg";2
2020-02-19;1;"Hamburg";2
2020-02-20;1;"Hamburg";2
2020-02-21;1;"Hamburg";2
2020-02-22;2;"Hamburg";2
2020-02-23;4;"Hamburg";2
2020-02-24;5;"Hamburg";2
2020-02-25;9;"Hamburg";2
2020-02-26;16;"Hamburg";2
2020-02-27;19;"Hamburg";2
2020-02-28;30;"Hamburg";2
2020-02-29;21;"Hamburg";2
2020-06-17;22;"Hamburg";2
2020-06-18;18;"Hamburg";2
2020-06-19;16;"Hamburg";2
2020-06-20;18;"Hamburg";2
2020-06-21;18;"Hamburg";2
2020-06-22;19;"Hamburg";2
2020-06-23;18;"Hamburg";2
2020-06-24;18;"Hamburg";2
2020-06-25;16;"Hamburg";2
2020-06-26;16;"Hamburg";2
2020-06-27;13;"Hamburg";2
2020-06-28;15;"Hamburg";2
2020-06-29;14;"Hamburg";2
2020-06-30;18;"Hamburg";2
2020-07-01;16;"Hamburg";2
2020-07-02;13;"Hamburg";2
2020-07-03;13;"Hamburg";2
2020-07-04;14;"Hamburg";2
2020-07-05;14;"Hamburg";2
2020-07-06;13;"Hamburg";2
2020-07-07;13;"Hamburg";2
2020-07-08;14;"Hamburg";2
2020-01-01;0;"Baden-Württemberg";8
2020-01-02;0;"Baden-Württemberg";8
2020-01-03;0;"Baden-Württemberg";8
2020-01-04;0;"Baden-Württemberg";8
2020-01-05;0;"Baden-Württemberg";8
2020-01-06;0;"Baden-Württemberg";8
2020-01-07;0;"Baden-Württemberg";8
2020-01-08;0;"Baden-Württemberg";8
2020-01-09;0;"Baden-Württemberg";8
2020-01-10;0;"Baden-Württemberg";8
2020-01-11;0;"Baden-Württemberg";8
2020-01-12;0;"Baden-Württemberg";8
2020-01-13;0;"Baden-Württemberg";8
2020-01-14;0;"Baden-Württemberg";8
2020-01-15;0;"Baden-Württemberg";8
2020-01-16;0;"Baden-Württemberg";8
2020-01-17;0;"Baden-Württemberg";8
2020-01-18;0;"Baden-Württemberg";8
2020-01-19;0;"Baden-Württemberg";8
2020-01-20;0;"Baden-Württemberg";8
2020-01-21;0;"Baden-Württemberg";8
2020-01-22;0;"Baden-Württemberg";8
2020-01-23;0;"Baden-Württemberg";8
2020-01-24;1;"Baden-Württemberg";8
2020-01-25;1;"Baden-Württemberg";8
2020-01-26;1;"Baden-Württemberg";8
2020-01-27;1;"Baden-Württemberg";8
2020-01-28;4;"Baden-Württemberg";8
2020-01-29;3;"Baden-Württemberg";8
2020-01-30;3;"Baden-Württemberg";8
2020-01-31;3;"Baden-Württemberg";8
2020-02-01;3;"Baden-Württemberg";8
2020-02-02;3;"Baden-Württemberg";8
2020-02-03;2;"Baden-Württemberg";8
2020-02-04;2;"Baden-Württemberg";8
2020-02-05;2;"Baden-Württemberg";8
2020-02-06;2;"Baden-Württemberg";8
2020-02-07;2;"Baden-Württemberg";8
2020-02-08;2;"Baden-Württemberg";8
2020-02-09;1;"Baden-Württemberg";8
2020-02-10;1;"Baden-Württemberg";8
2020-02-11;1;"Baden-Württemberg";8
2020-02-12;1;"Baden-Württemberg";8
2020-02-13;2;"Baden-Württemberg";8
2020-02-14;2;"Baden-Württemberg";8
2020-02-15;2;"Baden-Württemberg";8
2020-02-16;1;"Baden-Württemberg";8
2020-02-17;1;"Baden-Württemberg";8
2020-02-18;1;"Baden-Württemberg";8
2020-02-19;1;"Baden-Württemberg";8
2020-02-20;1;"Baden-Württemberg";8
2020-02-21;1;"Baden-Württemberg";8
2020-02-22;2;"Baden-Württemberg";8
2020-02-23;5;"Baden-Württemberg";8
2020-02-24;6;"Baden-Württemberg";8
2020-02-25;11;"Baden-Württemberg";8
2020-02-26;19;"Baden-Württemberg";8
2020-02-27;23;"Baden-Württemberg";8
2020-02-28;30;"Baden-Württemberg";8
2020-02-29;25;"Baden-Württemberg";8
2020-06-17;21;"Baden-Württemberg";8
2020-06-18;19;"Baden-Württemberg";8
2020-06-19;16;"Baden-Württemberg";8
2020-06-20;16;"Baden-Württemberg";8
2020-06-21;16;"Baden-Württemberg";8
2020-06-22;18;"Baden-Württemberg";8
2020-06-23;19;"Baden-Württemberg";8
2020-06-24;18;"Baden-Württemberg";8
2020-06-25;17;"Baden-Württemberg";8
2020-06-26;16;"Baden-Württemberg";8
2020-06-27;16;"Baden-Württemberg";8
2020-06-28;16;"Baden-Württemberg";8
2020-06-29;17;"Baden-Württemberg";8
2020-06-30;16;"Baden-Württemberg";8
2020-07-01;16;"Baden-Württemberg";8
2020-07-02;15;"Baden-Württemberg";8
2020-07-03;15;"Baden-Württemberg";8
2020-07-04;15;"Baden-Württemberg";8
2020-07-05;16;"Baden-Württemberg";8
2020-07-06;16;"Baden-Württemberg";8
2020-07-07;17;"Baden-Württemberg";8
2020-07-08;17;"Baden-Württemberg";8
2020-01-01;0;"Bayern";9
2020-01-02;0;"Bayern";9
2020-01-03;0;"Bayern";9
2020-01-04;0;"Bayern";9
2020-01-05;0;"Bayern";9
2020-01-06;0;"Bayern";9
2020-01-07;0;"Bayern";9
2020-01-08;0;"Bayern";9
2020-01-09;0;"Bayern";9
2020-01-10;0;"Bayern";9
2020-01-11;0;"Bayern";9
2020-01-12;0;"Bayern";9
2020-01-13;0;"Bayern";9
2020-01-14;0;"Bayern";9
2020-01-15;0;"Bayern";9
2020-01-16;0;"Bayern";9
2020-01-17;0;"Bayern";9
2020-01-18;0;"Bayern";9
2020-01-19;0;"Bayern";9
2020-01-20;0;"Bayern";9
2020-01-21;0;"Bayern";9
2020-01-22;0;"Bayern";9
2020-01-23;0;"Bayern";9
2020-01-24;1;"Bayern";9
2020-01-25;1;"Bayern";9
2020-01-26;2;"Bayern";9
2020-01-27;2;"Bayern";9
2020-01-28;6;"Bayern";9
2020-01-29;5;"Bayern";9
2020-01-30;4;"Bayern";9
2020-01-31;4;"Bayern";9
2020-02-01;4;"Bayern";9
2020-02-02;4;"Bayern";9
2020-02-03;3;"Bayern";9
2020-02-04;3;"Bayern";9
2020-02-05;3;"Bayern";9
2020-02-06;2;"Bayern";9
2020-02-07;3;"Bayern";9
2020-02-08;2;"Bayern";9
2020-02-09;1;"Bayern";9
2020-02-10;2;"Bayern";9
2020-02-11;2;"Bayern";9
2020-02-12;2;"Bayern";9
2020-02-13;2;"Bayern";9
2020-02-14;2;"Bayern";9
2020-02-15;2;"Bayern";9
2020-02-16;2;"Bayern";9
2020-02-17;2;"Bayern";9
2020-02-18;1;"Bayern";9
2020-02-19;1;"Bayern";9
2020-02-20;1;"Bayern";9
2020-02-21;1;"Bayern";9
2020-02-22;2;"Bayern";9
2020-02-23;6;"Bayern";9
2020-02-24;8;"Bayern";9
2020-02-25;11;"Bayern";9
2020-02-26;17;"Bayern";9
2020-02-27;20;"Bayern";9
2020-02-28;23;"Bayern";9
2020-02-29;22;"Bayern";9
2020-06-17;25;"Bayern";9
2020-06-18;21;"Bayern";9
2020-06-19;21;"Bayern";9
2020-06-20;21;"Bayern";9
2020-06-21;20;"Bayern";9
2020-06-22;20;"Bayern";9
2020-06-23;22;"Bayern";9
2020-06-24;21;"Bayern";9
2020-06-25;20;"Bayern";9
2020-06-26;19;"Bayern";9
2020-06-27;18;"Bayern";9
2020-06-28;19;"Bayern";9
2020-06-29;19;"Bayern";9
2020-06-30;19;"Bayern";9
2020-07-01;17;"Bayern";9
2020-07-02;17;"Bayern";9
2020-07-03;17;"Bayern";9
2020-07-04;18;"Bayern";9
2020-07-05;20;"Bayern";9
2020-07-06;20;"Bayern";9
2020-07-07;21;"Bayern";9
2020-07-08;20;"Bayern";9
2020-01-01;0;"Berlin";11
2020-01-02;0;"Berlin";11
2020-01-03;0;"Berlin";11
2020-01-04;0;"Berlin";11
2020-01-05;0;"Berlin";11
2020-01-06;0;"Berlin";11
2020-01-07;0;"Berlin";11
2020-01-08;0;"Berlin";11
2020-01-09;0;"Berlin";11
2020-01-10;0;"Berlin";11
2020-01-11;0;"Berlin";11
2020-01-12;0;"Berlin";11
2020-01-13;0;"Berlin";11
2020-01-14;0;"Berlin";11
2020-01-15;0;"Berlin";11
2020-01-16;0;"Berlin";11
2020-01-17;0;"Berlin";11
2020-01-18;0;"Berlin";11
2020-01-19;0;"Berlin";11
2020-01-20;0;"Berlin";11
2020-01-21;0;"Berlin";11
2020-01-22;0;"Berlin";11
2020-01-23;1;"Berlin";11
2020-01-24;1;"Berlin";11
2020-01-25;1;"Berlin";11
2020-01-26;2;"Berlin";11
2020-01-27;2;"Berlin";11
2020-01-28;4;"Berlin";11
2020-01-29;3;"Berlin";11
2020-01-30;4;"Berlin";11
2020-01-31;2;"Berlin";11
2020-02-01;3;"Berlin";11
2020-02-02;3;"Berlin";11
2020-02-03;3;"Berlin";11
2020-02-04;2;"Berlin";11
2020-02-05;2;"Berlin";11
2020-02-06;2;"Berlin";11
2020-02-07;2;"Berlin";11
2020-02-08;2;"Berlin";11
2020-02-09;2;"Berlin";11
2020-02-10;2;"Berlin";11
2020-02-11;1;"Berlin";11
2020-02-12;1;"Berlin";11
2020-02-13;2;"Berlin";11
2020-02-14;1;"Berlin";11
2020-02-15;2;"Berlin";11
2020-02-16;1;"Berlin";11
2020-02-17;1;"Berlin";11
2020-02-18;1;"Berlin";11
2020-02-19;1;"Berlin";11
2020-02-20;1;"Berlin";11
2020-02-21;1;"Berlin";11
2020-02-22;2;"Berlin";11
2020-02-23;5;"Berlin";11
2020-02-24;6;"Berlin";11
2020-02-25;10;"Berlin";11
2020-02-26;16;"Berlin";11
2020-02-27;20;"Berlin";11
2020-02-28;23;"Berlin";11
2020-02-29;19;"Berlin";11
2020-06-17;20;"Berlin";11
2020-06-18;19;"Berlin";11
2020-06-19;17;"Berlin";11
2020-06-20;16;"Berlin";11
2020-06-21;18;"Berlin";11
2020-06-22;19;"Berlin";11
2020-06-23;22;"Berlin";11
2020-06-24;20;"Berlin";11
2020-06-25;17;"Berlin";11
2020-06-26;18;"Berlin";11
2020-06-27;15;"Berlin";11
2020-06-28;16;"Berlin";11
2020-06-29;16;"Berlin";11
2020-06-30;13;"Berlin";11
2020-07-01;15;"Berlin";11
2020-07-02;11;"Berlin";11
2020-07-03;9;"Berlin";11
2020-07-04;12;"Berlin";11
2020-07-05;13;"Berlin";11
2020-07-06;14;"Berlin";11
2020-07-07;14;"Berlin";11
2020-07-08;15;"Berlin";11
2020-01-01;0;"Brandenburg";12
2020-01-02;0;"Brandenburg";12
2020-01-03;0;"Brandenburg";12
2020-01-04;0;"Brandenburg";12
2020-01-05;0;"Brandenburg";12
2020-01-06;0;"Brandenburg";12
2020-01-07;0;"Brandenburg";12
2020-01-08;0;"Brandenburg";12
2020-01-09;0;"Brandenburg";12
2020-01-10;0;"Brandenburg";12
2020-01-11;0;"Brandenburg";12
2020-01-12;0;"Brandenburg";12
2020-01-13;0;"Brandenburg";12
2020-01-14;0;"Brandenburg";12
2020-01-15;0;"Brandenburg";12
2020-01-16;0;"Brandenburg";12
2020-01-17;0;"Brandenburg";12
2020-01-18;0;"Brandenburg";12
2020-01-19;0;"Brandenburg";12
2020-01-20;0;"Brandenburg";12
2020-01-21;0;"Brandenburg";12
2020-01-22;0;"Brandenburg";12
2020-01-23;0;"Brandenburg";12
2020-01-24;1;"Brandenburg";12
2020-01-25;1;"Brandenburg";12
2020-01-26;1;"Brandenburg";12
2020-01-27;1;"Brandenburg";12
2020-01-28;2;"Brandenburg";12
2020-01-29;2;"Brandenburg";12
2020-01-30;4;"Brandenburg";12
2020-01-31;3;"Brandenburg";12
2020-02-01;2;"Brandenburg";12
2020-02-02;2;"Brandenburg";12
2020-02-03;2;"Brandenburg";12
2020-02-04;2;"Brandenburg";12
2020-02-05;1;"Brandenburg";12
2020-02-06;2;"Brandenburg";12
2020-02-07;1;"Brandenburg";12
2020-02-08;2;"Brandenburg";12
2020-02-09;1;"Brandenburg";12
2020-02-10;1;"Brandenburg";12
2020-02-11;1;"Brandenburg";12
2020-02-12;1;"Brandenburg";12
2020-02-13;1;"Brandenburg";12
2020-02-14;1;"Brandenburg";12
2020-02-15;2;"Brandenburg";12
2020-02-16;1;"Brandenburg";12
2020-02-17;1;"Brandenburg";12
2020-02-18;1;"Brandenburg";12
2020-02-19;1;"Brandenburg";12
2020-02-20;0;"Brandenburg";12
2020-02-21;1;"Brandenburg";12
2020-02-22;1;"Brandenburg";12
2020-02-23;3;"Brandenburg";12
2020-02-24;6;"Brandenburg";12
2020-02-25;7;"Brandenburg";12
2020-02-26;13;"Brandenburg";12
2020-02-27;17;"Brandenburg";12
2020-02-28;20;"Brandenburg";12
2020-02-29;15;"Brandenburg";12
2020-06-17;19;"Brandenburg";12
2020-06-18;16;"Brandenburg";12
2020-06-19;16;"Brandenburg";12
2020-06-20;16;"Brandenburg";12
2020-06-21;16;"Brandenburg";12
2020-06-22;17;"Brandenburg";12
2020-06-23;18;"Brandenburg";12
2020-06-24;16;"Brandenburg";12
2020-06-25;16;"Brandenburg";12
2020-06-26;14;"Brandenburg";12
2020-06-27;14;"Brandenburg";12
2020-06-28;13;"Brandenburg";12
2020-06-29;13;"Brandenburg";12
2020-06-30;13;"Brandenburg";12
2020-07-01;13;"Brandenburg";12
2020-07-02;11;"Brandenburg";12
2020-07-03;11;"Brandenburg";12
2020-07-04;12;"Brandenburg";12
2020-07-05;15;"Brandenburg";12
2020-07-06;13;"Brandenburg";12
2020-07-07;11;"Brandenburg";12
2020-07-08;13;"Brandenburg";12
2020-01-01;0;"Bremen";4
2020-01-02;0;"Bremen";4
2020-01-03;0;"Bremen";4
2020-01-04;0;"Bremen";4
2020-01-05;0;"Bremen";4
2020-01-06;0;"Bremen";4
2020-01-07;0;"Bremen";4
2020-01-08;0;"Bremen";4
2020-01-09;0;"Bremen";4
2020-01-10;0;"Bremen";4
2020-01-11;0;"Bremen";4
2020-01-12;0;"Bremen";4
2020-01-13;0;"Bremen";4
2020-01-14;0;"Bremen";4
2020-01-15;0;"Bremen";4
2020-01-16;1;"Bremen";4
2020-01-17;0;"Bremen";4
2020-01-18;1;"Bremen";4
2020-01-19;0;"Bremen";4
2020-01-20;0;"Bremen";4
2020-01-21;0;"Bremen";4
2020-01-22;0;"Bremen";4
2020-01-23;1;"Bremen";4
2020-01-24;1;"Bremen";4
2020-01-25;1;"Bremen";4
2020-01-26;2;"Bremen";4
2020-01-27;3;"Bremen";4
2020-01-28;6;"Bremen";4
2020-01-29;3;"Bremen";4
2020-01-30;3;"Bremen";4
2020-01-31;2;"Bremen";4
2020-02-01;2;"Bremen";4
2020-02-02;2;"Bremen";4
2020-02-03;2;"Bremen";4
2020-02-04;1;"Bremen";4
2020-02-05;2;"Bremen";4
2020-02-06;2;"Bremen";4
2020-02-07;1;"Bremen";4
2020-02-08;2;"Bremen";4
2020-02-09;1;"Bremen";4
2020-02-10;1;"Bremen";4
2020-02-11;2;"Bremen";4
2020-02-12;1;"Bremen";4
2020-02-13;2;"Bremen";4
2020-02-14;1;"Bremen";4
2020-02-15;2;"Bremen";4
2020-02-16;1;"Bremen";4
2020-02-17;1;"Bremen";4
2020-02-18;1;"Bremen";4
2020-02-19;1;"Bremen";4
2020-02-20;1;"Bremen";4
2020-02-21;1;"Bremen";4
2020-02-22;1;"Bremen";4
2020-02-23;3;"Bremen";4
2020-02-24;5;"Bremen";4
2020-02-25;7;"Bremen";4
2020-02-26;12;"Bremen";4
2020-02-27;18;"Bremen";4
2020-02-28;17;"Bremen";4
2020-02-29;20;"Bremen";4
2020-06-17;22;"Bremen";4
2020-06-18;20;"Bremen";4
2020-06-19;17;"Bremen";4
2020-06-20;16;"Bremen";4
2020-06-21;15;"Bremen";4
2020-06-22;15;"Bremen";4
2020-06-23;18;"Bremen";4
2020-06-24;19;"Bremen";4
2020-06-25;19;"Bremen";4
2020-06-26;17;"Bremen";4
2020-06-27;13;"Bremen";4
2020-06-28;13;"Bremen";4
2020-06-29;14;"Bremen";4
2020-06-30;15;"Bremen";4
2020-07-01;15;"Bremen";4
2020-07-02;15;"Bremen";4
2020-07-03;13;"Bremen";4
2020-07-04;13;"Bremen";4
2020-07-05;14;"Bremen";4
2020-07-06;17;"Bremen";4
2020-07-07;15;"Bremen";4
2020-07-08;13;"Bremen";4
2020-01-01;0;"Hessen";6
2020-01-02;0;"Hessen";6
2020-01-03;0;"Hessen";6
2020-01-04;0;"Hessen";6
2020-01-05;0;"Hessen";6
2020-01-06;0;"Hessen";6
2020-01-07;0;"Hessen";6
2020-01-08;0;"Hessen";6
2020-01-09;0;"Hessen";6
2020-01-10;0;"Hessen";6
2020-01-11;0;"Hessen";6
2020-01-12;0;"Hessen";6
2020-01-13;0;"Hessen";6
2020-01-14;0;"Hessen";6
2020-01-15;0;"Hessen";6
2020-01-16;0;"Hessen";6
2020-01-17;0;"Hessen";6
2020-01-18;0;"Hessen";6
2020-01-19;0;"Hessen";6
2020-01-20;0;"Hessen";6
2020-01-21;0;"Hessen";6
2020-01-22;0;"Hessen";6
2020-01-23;0;"Hessen";6
2020-01-24;1;"Hessen";6
2020-01-25;1;"Hessen";6
2020-01-26;1;"Hessen";6
2020-01-27;2;"Hessen";6
2020-01-28;4;"Hessen";6
2020-01-29;3;"Hessen";6
2020-01-30;4;"Hessen";6
2020-01-31;3;"Hessen";6
2020-02-01;3;"Hessen";6
2020-02-02;2;"Hessen";6
2020-02-03;3;"Hessen";6
2020-02-04;2;"Hessen";6
2020-02-05;2;"Hessen";6
2020-02-06;2;"Hessen";6
2020-02-07;2;"Hessen";6
2020-02-08;1;"Hessen";6
2020-02-09;1;"Hessen";6
2020-02-10;1;"Hessen";6
2020-02-11;1;"Hessen";6
2020-02-12;2;"Hessen";6
2020-02-13;2;"Hessen";6
2020-02-14;1;"Hessen";6
2020-02-15;1;"Hessen";6
2020-02-16;1;"Hessen";6
2020-02-17;1;"Hessen";6
2020-02-18;1;"Hessen";6
2020-02-19;1;"Hessen";6
2020-02-20;1;"Hessen";6
2020-02-21;1;"Hessen";6
2020-02-22;2;"Hessen";6
2020-02-23;4;"Hessen";6
2020-02-24;6;"Hessen";6
2020-02-25;8;"Hessen";6
2020-02-26;14;"Hessen";6
2020-02-27;18;"Hessen";6
2020-02-28;27;"Hessen";6
2020-02-29;25;"Hessen";6
2020-06-17;20;"Hessen";6
2020-06-18;19;"Hessen";6
2020-06-19;17;"Hessen";6
2020-06-20;17;"Hessen";6
2020-06-21;18;"Hessen";6
2020-06-22;17;"Hessen";6
2020-06-23;18;"Hessen";6
2020-06-24;18;"Hessen";6
2020-06-25;17;"Hessen";6
2020-06-26;17;"Hessen";6
2020-06-27;16;"Hessen";6
2020-06-28;15;"Hessen";6
2020-06-29;15;"Hessen";6
2020-06-30;15;"Hessen";6
2020-07-01;15;"Hessen";6
2020-07-02;14;"Hessen";6
2020-07-03;14;"Hessen";6
2020-07-04;15;"Hessen";6
2020-07-05;16;"Hessen";6
2020-07-06;15;"Hessen";6
2020-07-07;15;"Hessen";6
2020-07-08;15;"Hessen";6
2020-01-01;0;"Mecklenburg-Vorpommern";13
2020-01-02;0;"Mecklenburg-Vorpommern";13
2020-01-03;0;"Mecklenburg-Vorpommern";13
2020-01-04;0;"Mecklenburg-Vorpommern";13
2020-01-05;0;"Mecklenburg-Vorpommern";13
2020-01-06;0;"Mecklenburg-Vorpommern";13
2020-01-07;0;"Mecklenburg-Vorpommern";13
2020-01-08;0;"Mecklenburg-Vorpommern";13
2020-01-09;0;"Mecklenburg-Vorpommern";13
2020-01-10;0;"Mecklenburg-Vorpommern";13
2020-01-11;0;"Mecklenburg-Vorpommern";13
2020-01-12;0;"Mecklenburg-Vorpommern";13
2020-01-13;0;"Mecklenburg-Vorpommern";13
2020-01-14;0;"Mecklenburg-Vorpommern";13
2020-01-15;0;"Mecklenburg-Vorpommern";13
2020-01-16;0;"Mecklenburg-Vorpommern";13
2020-01-17;0;"Mecklenburg-Vorpommern";13
2020-01-18;0;"Mecklenburg-Vorpommern";13
2020-01-19;0;"Mecklenburg-Vorpommern";13
2020-01-20;0;"Mecklenburg-Vorpommern";13
2020-01-21;0;"Mecklenburg-Vorpommern";13
2020-01-22;1;"Mecklenburg-Vorpommern";13
2020-01-23;0;"Mecklenburg-Vorpommern";13
2020-01-24;0;"Mecklenburg-Vorpommern";13
2020-01-25;1;"Mecklenburg-Vorpommern";13
2020-01-26;1;"Mecklenburg-Vorpommern";13
2020-01-27;1;"Mecklenburg-Vorpommern";13
2020-01-28;3;"Mecklenburg-Vorpommern";13
2020-01-29;2;"Mecklenburg-Vorpommern";13
2020-01-30;4;"Mecklenburg-Vorpommern";13
2020-01-31;2;"Mecklenburg-Vorpommern";13
2020-02-01;2;"Mecklenburg-Vorpommern";13
2020-02-02;2;"Mecklenburg-Vorpommern";13
2020-02-03;2;"Mecklenburg-Vorpommern";13
2020-02-04;2;"Mecklenburg-Vorpommern";13
2020-02-05;2;"Mecklenburg-Vorpommern";13
2020-02-06;1;"Mecklenburg-Vorpommern";13
2020-02-07;1;"Mecklenburg-Vorpommern";13
2020-02-08;2;"Mecklenburg-Vorpommern";13
2020-02-09;1;"Mecklenburg-Vorpommern";13
2020-02-10;1;"Mecklenburg-Vorpommern";13
2020-02-11;1;"Mecklenburg-Vorpommern";13
2020-02-12;1;"Mecklenburg-Vorpommern";13
2020-02-13;1;"Mecklenburg-Vorpommern";13
2020-02-14;1;"Mecklenburg-Vorpommern";13
2020-02-15;1;"Mecklenburg-Vorpommern";13
2020-02-16;1;"Mecklenburg-Vorpommern";13
2020-02-17;1;"Mecklenburg-Vorpommern";13
2020-02-18;1;"Mecklenburg-Vorpommern";13
2020-02-19;0;"Mecklenburg-Vorpommern";13
2020-02-20;1;"Mecklenburg-Vorpommern";13
2020-02-21;0;"Mecklenburg-Vorpommern";13
2020-02-22;1;"Mecklenburg-Vorpommern";13
2020-02-23;3;"Mecklenburg-Vorpommern";13
2020-02-24;5;"Mecklenburg-Vorpommern";13
2020-02-25;5;"Mecklenburg-Vorpommern";13
2020-02-26;12;"Mecklenburg-Vorpommern";13
2020-02-27;21;"Mecklenburg-Vorpommern";13
2020-02-28;21;"Mecklenburg-Vorpommern";13
2020-02-29;15;"Mecklenburg-Vorpommern";13
2020-06-17;19;"Mecklenburg-Vorpommern";13
2020-06-18;17;"Mecklenburg-Vorpommern";13
2020-06-19;14;"Mecklenburg-Vorpommern";13
2020-06-20;14;"Mecklenburg-Vorpommern";13
2020-06-21;15;"Mecklenburg-Vorpommern";13
2020-06-22;15;"Mecklenburg-Vorpommern";13
2020-06-23;14;"Mecklenburg-Vorpommern";13
2020-06-24;17;"Mecklenburg-Vorpommern";13
2020-06-25;18;"Mecklenburg-Vorpommern";13
2020-06-26;14;"Mecklenburg-Vorpommern";13
2020-06-27;15;"Mecklenburg-Vorpommern";13
2020-06-28;15;"Mecklenburg-Vorpommern";13
2020-06-29;15;"Mecklenburg-Vorpommern";13
2020-06-30;12;"Mecklenburg-Vorpommern";13
2020-07-01;11;"Mecklenburg-Vorpommern";13
2020-07-02;12;"Mecklenburg-Vorpommern";13
2020-07-03;12;"Mecklenburg-Vorpommern";13
2020-07-04;12;"Mecklenburg-Vorpommern";13
2020-07-05;13;"Mecklenburg-Vorpommern";13
2020-07-06;13;"Mecklenburg-Vorpommern";13
2020-07-07;13;"Mecklenburg-Vorpommern";13
2020-07-08;13;"Mecklenburg-Vorpommern";13
2020-01-01;0;"Niedersachsen";3
2020-01-02;0;"Niedersachsen";3
2020-01-03;0;"Niedersachsen";3
2020-01-04;0;"Niedersachsen";3
2020-01-05;0;"Niedersachsen";3
2020-01-06;0;"Niedersachsen";3
2020-01-07;0;"Niedersachsen";3
2020-01-08;0;"Niedersachsen";3
2020-01-09;0;"Niedersachsen";3
2020-01-10;0;"Niedersachsen";3
2020-01-11;0;"Niedersachsen";3
2020-01-12;0;"Niedersachsen";3
2020-01-13;0;"Niedersachsen";3
2020-01-14;0;"Niedersachsen";3
2020-01-15;0;"Niedersachsen";3
2020-01-16;0;"Niedersachsen";3
2020-01-17;0;"Niedersachsen";3
2020-01-18;0;"Niedersachsen";3
2020-01-19;0;"Niedersachsen";3
2020-01-20;0;"Niedersachsen";3
2020-01-21;0;"Niedersachsen";3
2020-01-22;0;"Niedersachsen";3
2020-01-23;0;"Niedersachsen";3
2020-01-24;1;"Niedersachsen";3
2020-01-25;1;"Niedersachsen";3
2020-01-26;1;"Niedersachsen";3
2020-01-27;1;"Niedersachsen";3
2020-01-28;3;"Niedersachsen";3
2020-01-29;3;"Niedersachsen";3
2020-01-30;3;"Niedersachsen";3
2020-01-31;2;"Niedersachsen";3
2020-02-01;2;"Niedersachsen";3
2020-02-02;2;"Niedersachsen";3
2020-02-03;2;"Niedersachsen";3
2020-02-04;2;"Niedersachsen";3
2020-02-05;2;"Niedersachsen";3
2020-02-06;2;"Niedersachsen";3
2020-02-07;2;"Niedersachsen";3
2020-02-08;1;"Niedersachsen";3
2020-02-09;1;"Niedersachsen";3
2020-02-10;1;"Niedersachsen";3
2020-02-11;1;"Niedersachsen";3
2020-02-12;1;"Niedersachsen";3
2020-02-13;1;"Niedersachsen";3
2020-02-14;2;"Niedersachsen";3
2020-02-15;1;"Niedersachsen";3
2020-02-16;1;"Niedersachsen";3
2020-02-17;1;"Niedersachsen";3
2020-02-18;1;"Niedersachsen";3
2020-02-19;1;"Niedersachsen";3
2020-02-20;1;"Niedersachsen";3
2020-02-21;1;"Niedersachsen";3
2020-02-22;1;"Niedersachsen";3
2020-02-23;3;"Niedersachsen";3
2020-02-24;5;"Niedersachsen";3
2020-02-25;7;"Niedersachsen";3
2020-02-26;15;"Niedersachsen";3
2020-02-27;18;"Niedersachsen";3
2020-02-28;22;"Niedersachsen";3
2020-02-29;21;"Niedersachsen";3
2020-06-17;25;"Niedersachsen";3
2020-06-18;22;"Niedersachsen";3
2020-06-19;22;"Niedersachsen";3
2020-06-20;20;"Niedersachsen";3
2020-06-21;20;"Niedersachsen";3
2020-06-22;21;"Niedersachsen";3
2020-06-23;21;"Niedersachsen";3
2020-06-24;22;"Niedersachsen";3
2020-06-25;21;"Niedersachsen";3
2020-06-26;19;"Niedersachsen";3
2020-06-27;16;"Niedersachsen";3
2020-06-28;16;"Niedersachsen";3
2020-06-29;17;"Niedersachsen";3
2020-06-30;17;"Niedersachsen";3
2020-07-01;16;"Niedersachsen";3
2020-07-02;15;"Niedersachsen";3
2020-07-03;16;"Niedersachsen";3
2020-07-04;17;"Niedersachsen";3
2020-07-05;16;"Niedersachsen";3
2020-07-06;17;"Niedersachsen";3
2020-07-07;16;"Niedersachsen";3
2020-07-08;15;"Niedersachsen";3
2020-01-01;0;"Nordrhein-Westfalen";5
2020-01-02;0;"Nordrhein-Westfalen";5
2020-01-03;0;"Nordrhein-Westfalen";5
2020-01-04;0;"Nordrhein-Westfalen";5
2020-01-05;0;"Nordrhein-Westfalen";5
2020-01-06;0;"Nordrhein-Westfalen";5
2020-01-07;0;"Nordrhein-Westfalen";5
2020-01-08;0;"Nordrhein-Westfalen";5
2020-01-09;0;"Nordrhein-Westfalen";5
2020-01-10;0;"Nordrhein-Westfalen";5
2020-01-11;0;"Nordrhein-Westfalen";5
2020-01-12;0;"Nordrhein-Westfalen";5
2020-01-13;0;"Nordrhein-Westfalen";5
2020-01-14;0;"Nordrhein-Westfalen";5
2020-01-15;0;"Nordrhein-Westfalen";5
2020-01-16;0;"Nordrhein-Westfalen";5
2020-01-17;0;"Nordrhein-Westfalen";5
2020-01-18;0;"Nordrhein-Westfalen";5
2020-01-19;0;"Nordrhein-Westfalen";5
2020-01-20;0;"Nordrhein-Westfalen";5
2020-01-21;0;"Nordrhein-Westfalen";5
2020-01-22;0;"Nordrhein-Westfalen";5
2020-01-23;0;"Nordrhein-Westfalen";5
2020-01-24;0;"Nordrhein-Westfalen";5
2020-01-25;1;"Nordrhein-Westfalen";5
2020-01-26;1;"Nordrhein-Westfalen";5
2020-01-27;1;"Nordrhein-Westfalen";5
2020-01-28;3;"Nordrhein-Westfalen";5
2020-01-29;3;"Nordrhein-Westfalen";5
2020-01-30;3;"Nordrhein-Westfalen";5
2020-01-31;3;"Nordrhein-Westfalen";5
2020-02-01;2;"Nordrhein-Westfalen";5
2020-02-02;2;"Nordrhein-Westfalen";5
2020-02-03;2;"Nordrhein-Westfalen";5
2020-02-04;2;"Nordrhein-Westfalen";5
2020-02-05;2;"Nordrhein-Westfalen";5
2020-02-06;2;"Nordrhein-Westfalen";5
2020-02-07;2;"Nordrhein-Westfalen";5
2020-02-08;1;"Nordrhein-Westfalen";5
2020-02-09;1;"Nordrhein-Westfalen";5
2020-02-10;1;"Nordrhein-Westfalen";5
2020-02-11;1;"Nordrhein-Westfalen";5
2020-02-12;1;"Nordrhein-Westfalen";5
2020-02-13;1;"Nordrhein-Westfalen";5
2020-02-14;1;"Nordrhein-Westfalen";5
2020-02-15;1;"Nordrhein-Westfalen";5
2020-02-16;1;"Nordrhein-Westfalen";5
2020-02-17;1;"Nordrhein-Westfalen";5
2020-02-18;1;"Nordrhein-Westfalen";5
2020-02-19;1;"Nordrhein-Westfalen";5
2020-02-20;1;"Nordrhein-Westfalen";5
2020-02-21;1;"Nordrhein-Westfalen";5
2020-02-22;2;"Nordrhein-Westfalen";5
2020-02-23;4;"Nordrhein-Westfalen";5
2020-02-24;5;"Nordrhein-Westfalen";5
2020-02-25;10;"Nordrhein-Westfalen";5
2020-02-26;24;"Nordrhein-Westfalen";5
2020-02-27;25;"Nordrhein-Westfalen";5
2020-02-28;30;"Nordrhein-Westfalen";5
2020-02-29;26;"Nordrhein-Westfalen";5
2020-06-17;25;"Nordrhein-Westfalen";5
2020-06-18;21;"Nordrhein-Westfalen";5
2020-06-19;20;"Nordrhein-Westfalen";5
2020-06-20;22;"Nordrhein-Westfalen";5
2020-06-21;22;"Nordrhein-Westfalen";5
2020-06-22;22;"Nordrhein-Westfalen";5
2020-06-23;26;"Nordrhein-Westfalen";5
2020-06-24;26;"Nordrhein-Westfalen";5
2020-06-25;25;"Nordrhein-Westfalen";5
2020-06-26;21;"Nordrhein-Westfalen";5
2020-06-27;18;"Nordrhein-Westfalen";5
2020-06-28;19;"Nordrhein-Westfalen";5
2020-06-29;18;"Nordrhein-Westfalen";5
2020-06-30;17;"Nordrhein-Westfalen";5
2020-07-01;17;"Nordrhein-Westfalen";5
2020-07-02;16;"Nordrhein-Westfalen";5
2020-07-03;16;"Nordrhein-Westfalen";5
2020-07-04;16;"Nordrhein-Westfalen";5
2020-07-05;17;"Nordrhein-Westfalen";5
2020-07-06;17;"Nordrhein-Westfalen";5
2020-07-07;18;"Nordrhein-Westfalen";5
2020-07-08;17;"Nordrhein-Westfalen";5
2020-01-01;0;"Rheinland-Pfalz";7
2020-01-02;0;"Rheinland-Pfalz";7
2020-01-03;0;"Rheinland-Pfalz";7
2020-01-04;0;"Rheinland-Pfalz";7
2020-01-05;0;"Rheinland-Pfalz";7
2020-01-06;0;"Rheinland-Pfalz";7
2020-01-07;0;"Rheinland-Pfalz";7
2020-01-08;0;"Rheinland-Pfalz";7
2020-01-09;0;"Rheinland-Pfalz";7
2020-01-10;0;"Rheinland-Pfalz";7
2020-01-11;0;"Rheinland-Pfalz";7
2020-01-12;0;"Rheinland-Pfalz";7
2020-01-13;0;"Rheinland-Pfalz";7
2020-01-14;0;"Rheinland-Pfalz";7
2020-01-15;0;"Rheinland-Pfalz";7
2020-01-16;0;"Rheinland-Pfalz";7
2020-01-17;0;"Rheinland-Pfalz";7
2020-01-18;0;"Rheinland-Pfalz";7
2020-01-19;0;"Rheinland-Pfalz";7
2020-01-20;0;"Rheinland-Pfalz";7
2020-01-21;0;"Rheinland-Pfalz";7
2020-01-22;0;"Rheinland-Pfalz";7
2020-01-23;0;"Rheinland-Pfalz";7
2020-01-24;1;"Rheinland-Pfalz";7
2020-01-25;1;"Rheinland-Pfalz";7
2020-01-26;1;"Rheinland-Pfalz";7
2020-01-27;1;"Rheinland-Pfalz";7
2020-01-28;3;"Rheinland-Pfalz";7
2020-01-29;3;"Rheinland-Pfalz";7
2020-01-30;3;"Rheinland-Pfalz";7
2020-01-31;3;"Rheinland-Pfalz";7
2020-02-01;3;"Rheinland-Pfalz";7
2020-02-02;3;"Rheinland-Pfalz";7
2020-02-03;3;"Rheinland-Pfalz";7
2020-02-04;2;"Rheinland-Pfalz";7
2020-02-05;2;"Rheinland-Pfalz";7
2020-02-06;1;"Rheinland-Pfalz";7
2020-02-07;2;"Rheinland-Pfalz";7
2020-02-08;2;"Rheinland-Pfalz";7
2020-02-09;2;"Rheinland-Pfalz";7
2020-02-10;1;"Rheinland-Pfalz";7
2020-02-11;1;"Rheinland-Pfalz";7
2020-02-12;1;"Rheinland-Pfalz";7
2020-02-13;1;"Rheinland-Pfalz";7
2020-02-14;2;"Rheinland-Pfalz";7
2020-02-15;2;"Rheinland-Pfalz";7
2020-02-16;1;"Rheinland-Pfalz";7
2020-02-17;1;"Rheinland-Pfalz";7
2020-02-18;1;"Rheinland-Pfalz";7
2020-02-19;1;"Rheinland-Pfalz";7
2020-02-20;1;"Rheinland-Pfalz";7
2020-02-21;1;"Rheinland-Pfalz";7
2020-02-22;1;"Rheinland-Pfalz";7
2020-02-23;4;"Rheinland-Pfalz";7
2020-02-24;5;"Rheinland-Pfalz";7
2020-02-25;9;"Rheinland-Pfalz";7
2020-02-26;19;"Rheinland-Pfalz";7
2020-02-27;24;"Rheinland-Pfalz";7
2020-02-28;22;"Rheinland-Pfalz";7
2020-02-29;22;"Rheinland-Pfalz";7
2020-06-17;21;"Rheinland-Pfalz";7
2020-06-18;20;"Rheinland-Pfalz";7
2020-06-19;18;"Rheinland-Pfalz";7
2020-06-20;17;"Rheinland-Pfalz";7
2020-06-21;18;"Rheinland-Pfalz";7
2020-06-22;20;"Rheinland-Pfalz";7
2020-06-23;21;"Rheinland-Pfalz";7
2020-06-24;21;"Rheinland-Pfalz";7
2020-06-25;18;"Rheinland-Pfalz";7
2020-06-26;18;"Rheinland-Pfalz";7
2020-06-27;17;"Rheinland-Pfalz";7
2020-06-28;17;"Rheinland-Pfalz";7
2020-06-29;16;"Rheinland-Pfalz";7
2020-06-30;17;"Rheinland-Pfalz";7
2020-07-01;18;"Rheinland-Pfalz";7
2020-07-02;18;"Rheinland-Pfalz";7
2020-07-03;16;"Rheinland-Pfalz";7
2020-07-04;16;"Rheinland-Pfalz";7
2020-07-05;16;"Rheinland-Pfalz";7
2020-07-06;18;"Rheinland-Pfalz";7
2020-07-07;16;"Rheinland-Pfalz";7
2020-07-08;18;"Rheinland-Pfalz";7
2020-01-01;0;"Saarland";10
2020-01-02;0;"Saarland";10
2020-01-03;0;"Saarland";10
2020-01-04;0;"Saarland";10
2020-01-05;0;"Saarland";10
2020-01-06;0;"Saarland";10
2020-01-07;0;"Saarland";10
2020-01-08;0;"Saarland";10
2020-01-09;0;"Saarland";10
2020-01-10;0;"Saarland";10
2020-01-11;0;"Saarland";10
2020-01-12;0;"Saarland";10
2020-01-13;0;"Saarland";10
2020-01-14;0;"Saarland";10
2020-01-15;0;"Saarland";10
2020-01-16;0;"Saarland";10
2020-01-17;0;"Saarland";10
2020-01-18;0;"Saarland";10
2020-01-19;0;"Saarland";10
2020-01-20;0;"Saarland";10
2020-01-21;0;"Saarland";10
2020-01-22;0;"Saarland";10
2020-01-23;1;"Saarland";10
2020-01-24;1;"Saarland";10
2020-01-25;1;"Saarland";10
2020-01-26;2;"Saarland";10
2020-01-27;1;"Saarland";10
2020-01-28;3;"Saarland";10
2020-01-29;2;"Saarland";10
2020-01-30;3;"Saarland";10
2020-01-31;4;"Saarland";10
2020-02-01;2;"Saarland";10
2020-02-02;2;"Saarland";10
2020-02-03;2;"Saarland";10
2020-02-04;2;"Saarland";10
2020-02-05;2;"Saarland";10
2020-02-06;2;"Saarland";10
2020-02-07;1;"Saarland";10
2020-02-08;1;"Saarland";10
2020-02-09;1;"Saarland";10
2020-02-10;1;"Saarland";10
2020-02-11;1;"Saarland";10
2020-02-12;0;"Saarland";10
2020-02-13;1;"Saarland";10
2020-02-14;1;"Saarland";10
2020-02-15;2;"Saarland";10
2020-02-16;1;"Saarland";10
2020-02-17;1;"Saarland";10
2020-02-18;1;"Saarland";10
2020-02-19;1;"Saarland";10
2020-02-20;1;"Saarland";10
2020-02-21;1;"Saarland";10
2020-02-22;2;"Saarland";10
2020-02-23;4;"Saarland";10
2020-02-24;4;"Saarland";10
2020-02-25;7;"Saarland";10
2020-02-26;15;"Saarland";10
2020-02-27;19;"Saarland";10
2020-02-28;19;"Saarland";10
2020-02-29;16;"Saarland";10
2020-06-17;22;"Saarland";10
2020-06-18;17;"Saarland";10
2020-06-19;16;"Saarland";10
2020-06-20;15;"Saarland";10
2020-06-21;16;"Saarland";10
2020-06-22;16;"Saarland";10
2020-06-23;16;"Saarland";10
2020-06-24;17;"Saarland";10
2020-06-25;16;"Saarland";10
2020-06-26;15;"Saarland";10
2020-06-27;18;"Saarland";10
2020-06-28;17;"Saarland";10
2020-06-29;16;"Saarland";10
2020-06-30;16;"Saarland";10
2020-07-01;15;"Saarland";10
2020-07-02;15;"Saarland";10
2020-07-03;13;"Saarland";10
2020-07-04;13;"Saarland";10
2020-07-05;15;"Saarland";10
2020-07-06;17;"Saarland";10
2020-07-07;14;"Saarland";10
2020-07-08;17;"Saarland";10
2020-01-01;0;"Sachsen";14
2020-01-02;0;"Sachsen";14
2020-01-03;0;"Sachsen";14
2020-01-04;0;"Sachsen";14
2020-01-05;0;"Sachsen";14
2020-01-06;0;"Sachsen";14
2020-01-07;0;"Sachsen";14
2020-01-08;0;"Sachsen";14
2020-01-09;0;"Sachsen";14
2020-01-10;0;"Sachsen";14
2020-01-11;0;"Sachsen";14
2020-01-12;0;"Sachsen";14
2020-01-13;0;"Sachsen";14
2020-01-14;0;"Sachsen";14
2020-01-15;0;"Sachsen";14
2020-01-16;0;"Sachsen";14
2020-01-17;0;"Sachsen";14
2020-01-18;0;"Sachsen";14
2020-01-19;0;"Sachsen";14
2020-01-20;0;"Sachsen";14
2020-01-21;0;"Sachsen";14
2020-01-22;0;"Sachsen";14
2020-01-23;0;"Sachsen";14
2020-01-24;0;"Sachsen";14
2020-01-25;1;"Sachsen";14
2020-01-26;1;"Sachsen";14
2020-01-27;1;"Sachsen";14
2020-01-28;2;"Sachsen";14
2020-01-29;2;"Sachsen";14
2020-01-30;3;"Sachsen";14
2020-01-31;2;"Sachsen";14
2020-02-01;2;"Sachsen";14
2020-02-02;2;"Sachsen";14
2020-02-03;2;"Sachsen";14
2020-02-04;2;"Sachsen";14
2020-02-05;2;"Sachsen";14
2020-02-06;1;"Sachsen";14
2020-02-07;2;"Sachsen";14
2020-02-08;1;"Sachsen";14
2020-02-09;1;"Sachsen";14
2020-02-10;1;"Sachsen";14
2020-02-11;1;"Sachsen";14
2020-02-12;1;"Sachsen";14
2020-02-13;1;"Sachsen";14
2020-02-14;1;"Sachsen";14
2020-02-15;2;"Sachsen";14
2020-02-16;1;"Sachsen";14
2020-02-17;1;"Sachsen";14
2020-02-18;1;"Sachsen";14
2020-02-19;1;"Sachsen";14
2020-02-20;1;"Sachsen";14
2020-02-21;1;"Sachsen";14
2020-02-22;2;"Sachsen";14
2020-02-23;4;"Sachsen";14
2020-02-24;5;"Sachsen";14
2020-02-25;8;"Sachsen";14
2020-02-26;12;"Sachsen";14
2020-02-27;16;"Sachsen";14
2020-02-28;18;"Sachsen";14
2020-02-29;16;"Sachsen";14
2020-06-17;18;"Sachsen";14
2020-06-18;18;"Sachsen";14
2020-06-19;17;"Sachsen";14
2020-06-20;14;"Sachsen";14
2020-06-21;16;"Sachsen";14
2020-06-22;18;"Sachsen";14
2020-06-23;18;"Sachsen";14
2020-06-24;17;"Sachsen";14
2020-06-25;16;"Sachsen";14
2020-06-26;15;"Sachsen";14
2020-06-27;13;"Sachsen";14
2020-06-28;13;"Sachsen";14
2020-06-29;16;"Sachsen";14
2020-06-30;14;"Sachsen";14
2020-07-01;12;"Sachsen";14
2020-07-02;11;"Sachsen";14
2020-07-03;13;"Sachsen";14
2020-07-04;12;"Sachsen";14
2020-07-05;12;"Sachsen";14
2020-07-06;13;"Sachsen";14
2020-07-07;14;"Sachsen";14
2020-07-08;14;"Sachsen";14
2020-01-01;0;"Sachsen-Anhalt";15
2020-01-02;0;"Sachsen-Anhalt";15
2020-01-03;0;"Sachsen-Anhalt";15
2020-01-04;0;"Sachsen-Anhalt";15
2020-01-05;0;"Sachsen-Anhalt";15
2020-01-06;0;"Sachsen-Anhalt";15
2020-01-07;0;"Sachsen-Anhalt";15
2020-01-08;0;"Sachsen-Anhalt";15
2020-01-09;0;"Sachsen-Anhalt";15
2020-01-10;0;"Sachsen-Anhalt";15
2020-01-11;0;"Sachsen-Anhalt";15
2020-01-12;0;"Sachsen-Anhalt";15
2020-01-13;0;"Sachsen-Anhalt";15
2020-01-14;0;"Sachsen-Anhalt";15
2020-01-15;0;"Sachsen-Anhalt";15
2020-01-16;0;"Sachsen-Anhalt";15
2020-01-17;0;"Sachsen-Anhalt";15
2020-01-18;0;"Sachsen-Anhalt";15
2020-01-19;0;"Sachsen-Anhalt";15
2020-01-20;0;"Sachsen-Anhalt";15
2020-01-21;0;"Sachsen-Anhalt";15
2020-01-22;0;"Sachsen-Anhalt";15
2020-01-23;0;"Sachsen-Anhalt";15
2020-01-24;1;"Sachsen-Anhalt";15
2020-01-25;1;"Sachsen-Anhalt";15
2020-01-26;1;"Sachsen-Anhalt";15
2020-01-27;1;"Sachsen-Anhalt";15
2020-01-28;2;"Sachsen-Anhalt";15
2020-01-29;3;"Sachsen-Anhalt";15
2020-01-30;2;"Sachsen-Anhalt";15
2020-01-31;2;"Sachsen-Anhalt";15
2020-02-01;2;"Sachsen-Anhalt";15
2020-02-02;2;"Sachsen-Anhalt";15
2020-02-03;2;"Sachsen-Anhalt";15
2020-02-04;2;"Sachsen-Anhalt";15
2020-02-05;1;"Sachsen-Anhalt";15
2020-02-06;1;"Sachsen-Anhalt";15
2020-02-07;1;"Sachsen-Anhalt";15
2020-02-08;1;"Sachsen-Anhalt";15
2020-02-09;1;"Sachsen-Anhalt";15
2020-02-10;1;"Sachsen-Anhalt";15
2020-02-11;1;"Sachsen-Anhalt";15
2020-02-12;1;"Sachsen-Anhalt";15
2020-02-13;1;"Sachsen-Anhalt";15
2020-02-14;1;"Sachsen-Anhalt";15
2020-02-15;2;"Sachsen-Anhalt";15
2020-02-16;1;"Sachsen-Anhalt";15
2020-02-17;1;"Sachsen-Anhalt";15
2020-02-18;0;"Sachsen-Anhalt";15
2020-02-19;1;"Sachsen-Anhalt";15
2020-02-20;1;"Sachsen-Anhalt";15
2020-02-21;1;"Sachsen-Anhalt";15
2020-02-22;1;"Sachsen-Anhalt";15
2020-02-23;4;"Sachsen-Anhalt";15
2020-02-24;4;"Sachsen-Anhalt";15
2020-02-25;7;"Sachsen-Anhalt";15
2020-02-26;11;"Sachsen-Anhalt";15
2020-02-27;17;"Sachsen-Anhalt";15
2020-02-28;20;"Sachsen-Anhalt";15
2020-02-29;13;"Sachsen-Anhalt";15
2020-06-17;22;"Sachsen-Anhalt";15
2020-06-18;21;"Sachsen-Anhalt";15
2020-06-19;21;"Sachsen-Anhalt";15
2020-06-20;21;"Sachsen-Anhalt";15
2020-06-21;18;"Sachsen-Anhalt";15
2020-06-22;18;"Sachsen-Anhalt";15
2020-06-23;19;"Sachsen-Anhalt";15
2020-06-24;19;"Sachsen-Anhalt";15
2020-06-25;18;"Sachsen-Anhalt";15
2020-06-26;17;"Sachsen-Anhalt";15
2020-06-27;14;"Sachsen-Anhalt";15
2020-06-28;14;"Sachsen-Anhalt";15
2020-06-29;14;"Sachsen-Anhalt";15
2020-06-30;17;"Sachsen-Anhalt";15
2020-07-01;12;"Sachsen-Anhalt";15
2020-07-02;14;"Sachsen-Anhalt";15
2020-07-03;13;"Sachsen-Anhalt";15
2020-07-04;12;"Sachsen-Anhalt";15
2020-07-05;13;"Sachsen-Anhalt";15
2020-07-06;13;"Sachsen-Anhalt";15
2020-07-07;14;"Sachsen-Anhalt";15
2020-07-08;14;"Sachsen-Anhalt";15
2020-01-01;0;"Schleswig-Holstein";1
2020-01-02;0;"Schleswig-Holstein";1
2020-01-03;0;"Schleswig-Holstein";1
2020-01-04;0;"Schleswig-Holstein";1
2020-01-05;0;"Schleswig-Holstein";1
2020-01-06;0;"Schleswig-Holstein";1
2020-01-07;0;"Schleswig-Holstein";1
2020-01-08;0;"Schleswig-Holstein";1
2020-01-09;0;"Schleswig-Holstein";1
2020-01-10;0;"Schleswig-Holstein";1
2020-01-11;0;"Schleswig-Holstein";1
2020-01-12;0;"Schleswig-Holstein";1
2020-01-13;0;"Schleswig-Holstein";1
2020-01-14;0;"Schleswig-Holstein";1
2020-01-15;0;"Schleswig-Holstein";1
2020-01-16;0;"Schleswig-Holstein";1
2020-01-17;0;"Schleswig-Holstein";1
2020-01-18;0;"Schleswig-Holstein";1
2020-01-19;0;"Schleswig-Holstein";1
2020-01-20;0;"Schleswig-Holstein";1
2020-01-21;0;"Schleswig-Holstein";1
2020-01-22;0;"Schleswig-Holstein";1
2020-01-23;0;"Schleswig-Holstein";1
2020-01-24;0;"Schleswig-Holstein";1
2020-01-25;0;"Schleswig-Holstein";1
2020-01-26;1;"Schleswig-Holstein";1
2020-01-27;1;"Schleswig-Holstein";1
2020-01-28;3;"Schleswig-Holstein";1
2020-01-29;3;"Schleswig-Holstein";1
2020-01-30;3;"Schleswig-Holstein";1
2020-01-31;2;"Schleswig-Holstein";1
2020-02-01;2;"Schleswig-Holstein";1
2020-02-02;2;"Schleswig-Holstein";1
2020-02-03;2;"Schleswig-Holstein";1
2020-02-04;1;"Schleswig-Holstein";1
2020-02-05;2;"Schleswig-Holstein";1
2020-02-06;1;"Schleswig-Holstein";1
2020-02-07;1;"Schleswig-Holstein";1
2020-02-08;1;"Schleswig-Holstein";1
2020-02-09;1;"Schleswig-Holstein";1
2020-02-10;1;"Schleswig-Holstein";1
2020-02-11;1;"Schleswig-Holstein";1
2020-02-12;1;"Schleswig-Holstein";1
2020-02-13;1;"Schleswig-Holstein";1
2020-02-14;2;"Schleswig-Holstein";1
2020-02-15;1;"Schleswig-Holstein";1
2020-02-16;1;"Schleswig-Holstein";1
2020-02-17;1;"Schleswig-Holstein";1
2020-02-18;1;"Schleswig-Holstein";1
2020-02-19;1;"Schleswig-Holstein";1
2020-02-20;1;"Schleswig-Holstein";1
2020-02-21;1;"Schleswig-Holstein";1
2020-02-22;1;"Schleswig-Holstein";1
2020-02-23;4;"Schleswig-Holstein";1
2020-02-24;5;"Schleswig-Holstein";1
2020-02-25;8;"Schleswig-Holstein";1
2020-02-26;13;"Schleswig-Holstein";1
2020-02-27;15;"Schleswig-Holstein";1
2020-02-28;25;"Schleswig-Holstein";1
2020-02-29;20;"Schleswig-Holstein";1
2020-06-17;20;"Schleswig-Holstein";1
2020-06-18;17;"Schleswig-Holstein";1
2020-06-19;15;"Schleswig-Holstein";1
2020-06-20;15;"Schleswig-Holstein";1
2020-06-21;17;"Schleswig-Holstein";1
2020-06-22;15;"Schleswig-Holstein";1
2020-06-23;19;"Schleswig-Holstein";1
2020-06-24;19;"Schleswig-Holstein";1
2020-06-25;17;"Schleswig-Holstein";1
2020-06-26;15;"Schleswig-Holstein";1
2020-06-27;15;"Schleswig-Holstein";1
2020-06-28;14;"Schleswig-Holstein";1
2020-06-29;13;"Schleswig-Holstein";1
2020-06-30;15;"Schleswig-Holstein";1
2020-07-01;13;"Schleswig-Holstein";1
2020-07-02;14;"Schleswig-Holstein";1
2020-07-03;14;"Schleswig-Holstein";1
2020-07-04;15;"Schleswig-Holstein";1
2020-07-05;14;"Schleswig-Holstein";1
2020-07-06;13;"Schleswig-Holstein";1
2020-07-07;15;"Schleswig-Holstein";1
2020-07-08;14;"Schleswig-Holstein";1
2020-01-01;0;"Thüringen";16
2020-01-02;0;"Thüringen";16
2020-01-03;0;"Thüringen";16
2020-01-04;0;"Thüringen";16
2020-01-05;0;"Thüringen";16
2020-01-06;0;"Thüringen";16
2020-01-07;0;"Thüringen";16
2020-01-08;0;"Thüringen";16
2020-01-09;0;"Thüringen";16
2020-01-10;0;"Thüringen";16
2020-01-11;0;"Thüringen";16
2020-01-12;0;"Thüringen";16
2020-01-13;0;"Thüringen";16
2020-01-14;0;"Thüringen";16
2020-01-15;0;"Thüringen";16
2020-01-16;0;"Thüringen";16
2020-01-17;0;"Thüringen";16
2020-01-18;0;"Thüringen";16
2020-01-19;0;"Thüringen";16
2020-01-20;0;"Thüringen";16
2020-01-21;0;"Thüringen";16
2020-01-22;0;"Thüringen";16
2020-01-23;1;"Thüringen";16
2020-01-24;0;"Thüringen";16
2020-01-25;1;"Thüringen";16
2020-01-26;1;"Thüringen";16
2020-01-27;2;"Thüringen";16
2020-01-28;2;"Thüringen";16
2020-01-29;2;"Thüringen";16
2020-01-30;5;"Thüringen";16
2020-01-31;3;"Thüringen";16
2020-02-01;2;"Thüringen";16
2020-02-02;2;"Thüringen";16
2020-02-03;2;"Thüringen";16
2020-02-04;2;"Thüringen";16
2020-02-05;1;"Thüringen";16
2020-02-06;2;"Thüringen";16
2020-02-07;1;"Thüringen";16
2020-02-08;1;"Thüringen";16
2020-02-09;1;"Thüringen";16
2020-02-10;1;"Thüringen";16
2020-02-11;1;"Thüringen";16
2020-02-12;1;"Thüringen";16
2020-02-13;2;"Thüringen";16
2020-02-14;1;"Thüringen";16
2020-02-15;1;"Thüringen";16
2020-02-16;1;"Thüringen";16
2020-02-17;1;"Thüringen";16
2020-02-18;1;"Thüringen";16
2020-02-19;1;"Thüringen";16
2020-02-20;1;"Thüringen";16
2020-02-21;1;"Thüringen";16
2020-02-22;1;"Thüringen";16
2020-02-23;3;"Thüringen";16
2020-02-24;4;"Thüringen";16
2020-02-25;7;"Thüringen";16
2020-02-26;11;"Thüringen";16
2020-02-27;16;"Thüringen";16
2020-02-28;22;"Thüringen";16
2020-02-29;18;"Thüringen";16
2020-06-17;20;"Thüringen";16
2020-06-18;18;"Thüringen";16
2020-06-19;17;"Thüringen";16
2020-06-20;17;"Thüringen";16
2020-06-21;16;"Thüringen";16
2020-06-22;18;"Thüringen";16
2020-06-23;19;"Thüringen";16
2020-06-24;18;"Thüringen";16
2020-06-25;14;"Thüringen";16
2020-06-26;15;"Thüringen";16
2020-06-27;16;"Thüringen";16
2020-06-28;14;"Thüringen";16
2020-06-29;13;"Thüringen";16
2020-06-30;14;"Thüringen";16
2020-07-01;12;"Thüringen";16
2020-07-02;14;"Thüringen";16
2020-07-03;15;"Thüringen";16
2020-07-04;13;"Thüringen";16
2020-07-05;15;"Thüringen";16
2020-07-06;15;"Thüringen";16
2020-07-07;15;"Thüringen";16
2020-07-08;14;"Thüringen";16
