Kennziffer;Raumeinheit;Aggregat;Haushalte mit niedrigem Einkommen;Stationäre Pflege;Einwohner 65 Jahre und älter;Einwohner unter 6 Jahre;Einwohner von 6 bis unter 18 Jahren;Geschlechterproportion insgesamt;Ausländeranteil;Anteil Schutzsuchender an Bevölkerung;Wahlbeteiligung;Stimmenanteile AfD;Einwohnerdichte;Wohnfläche;Beschäftigtenquote;Arbeitsplatzwanderer;Schulabgänger ohne Abschluss;Schulabgänger mit Hochschulreife;Beschäftigte am Wohnort ohne Berufsabschluss;Beschäftigte am Wohnort mit akademischem Abschluss;SGB II - Quote;Große Bedarfsgemeinschaften;Anteil ALG II-Leistungen;Pendler mit Arbeitsweg 300 km und mehr;SGB II-/SGB XII-Quote;Schulabbrecherquote;Beschäftigungsquote;Hochqualifizierte
;;;2016;2017;2017;2017;2017;2017;2017;2017;2017;2017;2017;2017;2017;2017;2017;2017;2017;2017;2017;2017;2017;2017;2017;2017;2017;2017
"01001";"Flensburg, Stadt";"krsfr. Stadt";"34,8";"30,1";"20,2";"5,5";"9,8";"1,01";"13,3";"2,9";"70,3";"7,5";"1.560";"44,1";"51,8";"-47,9";"8,5";"47,4";"15,7";"14,0";"16,2";"5,1";"37,4";"3,6";"18,1";"8,5";"51,8";"13,1"
"01002";"Kiel, Stadt";"krsfr. Stadt";"38,3";"26,0";"18,5";"5,3";"9,4";"1,05";"11,3";"3,0";"73,5";"6,9";"2.090";"38,9";"51,5";"-36,6";"7,3";"46,5";"13,9";"20,5";"16,9";"6,6";"38,7";"3,4";"18,3";"7,3";"51,5";"17,8"
"01003";"Lübeck, Stadt";"krsfr. Stadt";"37,0";"36,0";"23,2";"5,2";"10,0";"1,08";"9,7";"2,3";"70,7";"8,9";"1.010";"40,5";"56,1";"-15,4";"11,1";"36,8";"12,8";"14,2";"16,1";"5,7";"36,8";"3,0";"17,8";"11,1";"56,1";"11,5"
"01004";"Neumünster, Stadt";"krsfr. Stadt";"34,7";"30,4";"22,6";"5,3";"11,3";"1,02";"11,0";"2,8";"66,0";"10,3";"1.108";"43,1";"56,2";"-35,1";"7,2";"44,5";"15,0";"6,9";"15,6";"6,4";"37,9";"3,6";"17,5";"7,2";"56,2";"8,5"
"01051";"Dithmarschen";"Landkreis";"32,9";"28,8";"24,6";"4,8";"11,2";"1,02";"5,6";"2,0";"72,2";"8,6";"93";"54,3";"55,8";"-3,3";"8,6";"30,0";"12,7";"6,8";"11,8";"6,1";"38,8";"3,1";"11,8";"8,6";"55,8";"7,1"
"01053";"Herzogtum Lauenburg";"Landkreis";"27,3";"28,4";"22,3";"5,6";"11,8";"1,04";"7,5";"2,0";"76,8";"10,2";"155";"47,5";"58,2";"8,2";"9,6";"33,6";"10,8";"10,6";"8,6";"6,9";"36,4";"2,9";"9,1";"9,6";"58,2";"9,6"
"01054";"Nordfriesland";"Landkreis";"33,0";"27,2";"23,9";"4,9";"11,1";"1,04";"6,8";"2,0";"74,7";"5,8";"79";"58,1";"58,0";"-0,4";"7,3";"26,2";"11,7";"6,9";"8,1";"6,2";"38,5";"3,2";"8,3";"7,3";"58,0";"6,9"
"01055";"Ostholstein";"Landkreis";"32,2";"36,3";"27,3";"4,3";"10,3";"1,07";"5,5";"1,7";"75,3";"8,5";"151";"52,9";"58,1";"2,1";"8,4";"30,7";"10,6";"8,0";"8,4";"5,6";"36,5";"2,9";"9,0";"8,4";"58,1";"7,4"
"01056";"Pinneberg";"Landkreis";"25,6";"27,3";"22,1";"5,5";"11,5";"1,04";"10,1";"2,4";"78,1";"8,6";"471";"45,7";"61,8";"8,9";"6,9";"39,8";"11,4";"12,7";"8,7";"6,6";"34,9";"3,3";"8,8";"6,9";"61,8";"11,4"
"01057";"Plön";"Landkreis";"28,4";"26,8";"25,8";"4,8";"11,2";"1,06";"4,7";"1,9";"79,6";"7,7";"112";"50,1";"56,3";"3,8";"8,1";"26,7";"10,7";"11,0";"7,7";"5,8";"36,5";"2,9";"8,5";"8,1";"56,3";"8,9"
"01058";"Rendsburg-Eckernförde";"Landkreis";"27,8";"30,6";"23,2";"5,1";"11,8";"1,03";"5,0";"2,0";"78,2";"7,3";"125";"50,4";"56,0";"12,8";"6,9";"37,1";"11,0";"11,7";"7,5";"7,6";"37,7";"2,7";"8,5";"6,9";"56,0";"10,1"
"01059";"Schleswig-Flensburg";"Landkreis";"30,0";"33,9";"23,6";"5,3";"11,8";"1,02";"5,1";"1,7";"76,5";"6,6";"96";"52,9";"53,9";"32,9";"8,4";"27,1";"12,3";"8,3";"8,6";"6,3";"37,4";"2,4";"9,7";"8,4";"53,9";"7,0"
"01060";"Segeberg";"Landkreis";"26,0";"35,9";"21,7";"5,5";"11,6";"1,02";"8,1";"2,1";"76,5";"9,0";"198";"46,3";"61,6";"10,9";"6,9";"35,5";"11,4";"10,6";"7,2";"6,2";"35,9";"3,5";"8,1";"6,9";"61,6";"10,9"
"01061";"Steinburg";"Landkreis";"30,6";"31,1";"22,6";"5,1";"11,3";"1,02";"6,6";"2,2";"74,8";"8,2";"125";"49,4";"57,9";"-20,2";"7,7";"34,0";"12,1";"8,3";"9,7";"6,4";"39,5";"2,8";"10,3";"7,7";"57,9";"9,0"
"01062";"Stormarn";"Landkreis";"21,3";"36,5";"23,0";"5,5";"11,8";"1,05";"7,0";"2,0";"80,4";"9,1";"334";"47,2";"60,6";"1,3";"4,5";"50,9";"9,8";"14,4";"5,9";"7,9";"34,7";"4,0";"6,3";"4,5";"60,6";"10,7"
"02000";"Hamburg, Stadt";"krsfr. Stadt";"33,4";"25,2";"18,4";"6,3";"10,3";"1,04";"16,2";"2,9";"75,4";"7,8";"2.424";"39,3";"59,1";"27,2";"5,3";"52,8";"12,6";"24,7";"12,4";"5,6";"36,2";"5,2";"14,5";"5,3";"59,1";"22,6"
"03101";"Braunschweig, Stadt";"krsfr. Stadt";"35,5";"25,9";"21,0";"5,2";"9,4";"1,02";"9,7";"1,5";"76,4";"8,4";"1.287";"45,6";"59,6";"-4,1";"6,3";"45,3";"10,7";"27,6";"9,1";"4,2";"36,0";"3,2";"10,5";"6,3";"59,6";"19,9"
"03102";"Salzgitter, Stadt";"krsfr. Stadt";"33,4";"23,7";"22,8";"6,1";"11,5";"1,01";"16,9";"4,3";"70,9";"16,4";"466";"44,9";"57,5";"-7,1";"8,2";"24,6";"14,4";"7,3";"17,4";"9,6";"39,7";"2,6";"17,0";"8,2";"57,5";"10,1"
"03103";"Wolfsburg, Stadt";"krsfr. Stadt";"28,9";"21,7";"22,3";"6,0";"10,2";"1,01";"14,3";"2,5";"73,2";"11,7";"606";"47,0";"64,4";"-3,3";"4,2";"40,6";"8,8";"17,1";"8,6";"7,1";"36,4";"2,4";"8,7";"4,2";"64,4";"23,2"
"03151";"Gifhorn";"Landkreis";"28,6";"19,9";"19,8";"5,9";"12,0";"1,00";"6,2";"1,4";"76,6";"11,4";"112";"53,5";"61,2";"13,0";"5,3";"28,1";"10,0";"13,4";"5,9";"7,7";"37,6";"2,0";"7,0";"5,3";"61,2";"14,1"
"03153";"Goslar";"Landkreis";"34,5";"30,0";"27,2";"4,2";"9,5";"1,02";"8,9";"2,3";"73,4";"11,1";"142";"53,6";"55,5";"-24,3";"5,2";"26,9";"11,1";"10,8";"11,8";"5,6";"37,4";"2,9";"12,6";"5,2";"55,5";"10,2"
"03154";"Helmstedt";"Landkreis";"31,1";"34,9";"23,2";"5,2";"10,5";"1,02";"6,6";"1,8";"73,7";"9,9";"136";"53,4";"61,6";"-5,2";"7,0";"33,7";"9,1";"10,4";"9,5";"5,1";"39,2";"2,3";"10,3";"7,0";"61,6";"9,2"
"03155";"Northeim";"Landkreis";"32,2";"23,6";"25,3";"4,8";"10,4";"1,03";"5,9";"2,0";"74,8";"9,5";"105";"55,0";"60,3";"2,0";"4,4";"36,7";"12,0";"8,4";"8,9";"6,9";"39,7";"2,2";"9,9";"4,4";"60,3";"9,5"
"03157";"Peine";"Landkreis";"31,1";"25,8";"21,4";"5,7";"11,9";"1,02";"7,2";"2,1";"77,0";"10,3";"249";"51,9";"60,4";"18,2";"3,7";"33,7";"11,8";"10,4";"9,4";"8,7";"36,1";"2,5";"9,8";"3,7";"60,4";"8,3"
"03158";"Wolfenbüttel";"Landkreis";"31,7";"25,6";"23,4";"4,9";"10,9";"1,02";"5,9";"1,9";"79,3";"9,9";"166";"53,1";"58,7";"-11,0";"5,5";"33,8";"10,2";"14,5";"8,0";"7,1";"37,8";"2,1";"9,3";"5,5";"58,7";"12,3"
"03159";"Göttingen";"Landkreis";"34,6";"27,8";"22,3";"4,9";"10,2";"1,03";"8,1";"1,9";"76,3";"8,1";"187";"49,7";"55,5";"-52,4";"4,2";"43,7";"11,7";"18,7";"8,1";"5,5";"38,6";"2,9";"9,7";"4,2";"55,5";"16,6"
"03241";"Region Hannover";"Landkreis";"33,5";"25,2";"21,1";"5,7";"10,8";"1,04";"13,1";"3,0";"76,7";"9,4";"502";"46,2";"57,9";"9,9";"5,3";"40,3";"12,2";"18,5";"13,0";"7,2";"37,1";"3,5";"13,6";"5,3";"57,9";"16,9"
"03251";"Diepholz";"Landkreis";"27,3";"22,2";"22,2";"5,2";"11,5";"1,01";"7,8";"2,1";"76,2";"8,4";"108";"53,7";"62,1";"20,3";"4,1";"31,5";"11,1";"8,9";"7,3";"9,0";"36,6";"2,2";"8,6";"4,1";"62,1";"7,7"
"03252";"Hameln-Pyrmont";"Landkreis";"32,9";"26,1";"25,4";"5,0";"10,7";"1,07";"9,7";"2,8";"74,1";"10,5";"186";"53,8";"59,5";"-1,1";"5,0";"30,3";"11,4";"9,6";"12,1";"8,6";"38,3";"2,0";"12,5";"5,0";"59,5";"10,5"
"03254";"Hildesheim";"Landkreis";"30,6";"25,0";"23,2";"4,9";"10,7";"1,05";"7,6";"2,2";"77,1";"9,3";"229";"50,7";"58,0";"-18,3";"6,4";"34,4";"11,4";"12,8";"9,8";"6,9";"39,4";"2,9";"11,0";"6,4";"58,0";"12,8"
"03255";"Holzminden";"Landkreis";"32,2";"26,6";"26,0";"4,7";"10,5";"1,02";"7,0";"2,0";"73,9";"9,6";"102";"56,1";"57,1";"-13,5";"5,2";"23,8";"13,6";"8,6";"10,2";"6,2";"40,3";"1,7";"10,8";"5,2";"57,1";"9,2"
"03256";"Nienburg (Weser)";"Landkreis";"31,7";"24,8";"22,0";"5,3";"11,7";"1,01";"7,7";"2,8";"72,8";"9,8";"87";"53,8";"60,5";"-2,8";"6,0";"27,6";"13,7";"7,1";"9,7";"10,3";"37,7";"2,1";"11,1";"6,0";"60,5";"6,9"
"03257";"Schaumburg";"Landkreis";"31,2";"30,2";"24,4";"4,9";"10,9";"1,04";"8,2";"2,5";"76,2";"10,3";"234";"53,4";"57,6";"16,2";"4,8";"39,0";"10,9";"10,0";"9,6";"6,5";"38,4";"2,4";"10,2";"4,8";"57,6";"8,2"
"03351";"Celle";"Landkreis";"32,6";"25,9";"23,2";"5,5";"11,8";"1,03";"7,4";"2,6";"74,8";"11,7";"115";"52,5";"57,3";"11,5";"7,7";"24,6";"11,5";"9,6";"10,8";"8,2";"38,2";"2,7";"11,9";"7,7";"57,3";"11,1"
"03352";"Cuxhaven";"Landkreis";"30,3";"23,8";"25,0";"5,0";"11,2";"1,04";"6,2";"1,9";"75,1";"8,9";"96";"54,7";"57,9";"7,7";"7,2";"24,6";"12,0";"7,7";"9,1";"7,7";"39,1";"2,3";"9,1";"7,2";"57,9";"7,0"
"03353";"Harburg";"Landkreis";"25,1";"24,7";"22,2";"5,6";"11,7";"1,03";"7,3";"1,5";"80,8";"10,0";"201";"51,8";"61,6";"9,3";"3,8";"37,6";"10,0";"13,1";"5,9";"6,8";"33,3";"4,0";"6,3";"3,8";"61,6";"8,9"
"03354";"Lüchow-Dannenberg";"Landkreis";"35,1";"26,7";"27,6";"4,6";"10,8";"1,04";"5,3";"1,3";"73,6";"7,8";"39";"60,1";"53,8";"16,5";"8,4";"24,1";"9,7";"8,7";"10,4";"4,2";"42,2";"3,9";"11,0";"8,4";"53,8";"7,8"
"03355";"Lüneburg";"Landkreis";"30,7";"29,0";"19,8";"5,6";"11,7";"1,05";"6,6";"2,2";"78,6";"9,2";"138";"48,5";"55,5";"2,4";"4,9";"37,4";"11,2";"16,4";"8,4";"7,4";"35,5";"2,8";"9,9";"4,9";"55,5";"13,1"
"03356";"Osterholz";"Landkreis";"27,5";"27,1";"23,2";"5,3";"11,4";"1,03";"5,3";"1,8";"77,8";"9,6";"173";"52,3";"60,8";"21,3";"3,6";"34,2";"10,5";"11,5";"5,6";"9,0";"36,1";"2,5";"6,3";"3,6";"60,8";"8,0"
"03357";"Rotenburg (Wümme)";"Landkreis";"30,1";"22,7";"20,9";"5,2";"12,1";"0,99";"6,0";"1,8";"76,5";"8,1";"79";"54,3";"61,1";"-3,9";"5,6";"29,9";"12,5";"8,0";"5,8";"7,4";"39,2";"2,3";"7,6";"5,6";"61,1";"7,7"
"03358";"Heidekreis";"Landkreis";"31,8";"25,1";"22,3";"5,3";"11,6";"1,00";"7,7";"1,8";"74,6";"9,7";"74";"52,1";"58,8";"-74,3";"6,3";"31,7";"12,8";"7,3";"8,7";"5,8";"37,8";"3,0";"9,3";"6,3";"58,8";"6,9"
"03359";"Stade";"Landkreis";"28,0";"24,9";"21,2";"5,7";"12,0";"1,01";"8,0";"2,2";"76,7";"9,5";"159";"50,5";"60,9";"12,7";"4,8";"28,7";"12,2";"10,8";"9,5";"8,0";"35,5";"3,0";"9,6";"4,8";"60,9";"9,6"
"03360";"Uelzen";"Landkreis";"33,0";"31,8";"25,0";"4,6";"10,8";"1,04";"5,5";"1,6";"75,4";"9,4";"63";"55,4";"56,9";"-5,6";"5,9";"30,7";"11,0";"9,1";"8,3";"5,8";"38,0";"2,0";"9,4";"5,9";"56,9";"9,1"
"03361";"Verden";"Landkreis";"27,3";"27,1";"22,0";"5,9";"11,7";"1,03";"7,2";"2,4";"77,0";"9,7";"173";"52,8";"61,3";"21,1";"4,0";"33,4";"12,5";"10,9";"7,6";"8,0";"39,0";"2,6";"8,4";"4,0";"61,3";"10,2"
"03401";"Delmenhorst, Stadt";"krsfr. Stadt";"34,1";"14,3";"22,0";"6,0";"11,3";"1,02";"14,6";"4,0";"69,6";"13,1";"1.241";"46,0";"53,6";"-5,3";"9,9";"26,9";"13,8";"6,8";"18,4";"8,3";"37,1";"2,1";"19,2";"9,9";"53,6";"8,8"
"03402";"Emden, Stadt";"krsfr. Stadt";"33,5";"19,4";"21,0";"5,6";"11,1";"1,00";"9,7";"2,6";"70,7";"10,0";"450";"47,0";"55,0";"-41,7";"8,7";"32,0";"12,5";"10,6";"14,3";"6,7";"38,1";"2,9";"15,5";"8,7";"55,0";"8,3"
"03403";"Oldenburg (Oldenburg), Stadt";"krsfr. Stadt";"34,8";"23,3";"18,9";"5,3";"10,3";"1,09";"9,3";"3,1";"77,3";"6,7";"1.621";"49,3";"54,2";"13,6";"5,4";"46,6";"11,7";"22,1";"13,2";"6,1";"35,0";"3,2";"14,1";"5,4";"54,2";"17,6"
"03404";"Osnabrück, Stadt";"krsfr. Stadt";"34,5";"22,7";"18,7";"5,3";"9,7";"1,07";"12,7";"2,9";"75,4";"6,2";"1.372";"45,7";"56,0";"-28,2";"4,7";"43,7";"13,8";"21,3";"12,9";"5,7";"37,2";"2,3";"14,3";"4,7";"56,0";"15,9"
"03405";"Wilhelmshaven, Stadt";"krsfr. Stadt";"34,7";"24,4";"26,2";"4,9";"9,4";"1,03";"8,5";"3,5";"69,6";"10,6";"713";"49,6";"52,8";"-21,4";"4,0";"34,3";"13,6";"9,1";"20,2";"6,3";"39,0";"3,6";"20,0";"4,0";"52,8";"9,9"
"03451";"Ammerland";"Landkreis";"32,2";"21,9";"22,8";"5,4";"12,0";"1,04";"5,6";"1,9";"77,0";"7,9";"169";"54,5";"60,0";"9,9";"5,5";"26,1";"10,6";"9,9";"6,9";"7,7";"36,4";"2,4";"7,3";"5,5";"60,0";"7,5"
"03452";"Aurich";"Landkreis";"34,2";"13,9";"22,5";"5,2";"11,6";"1,03";"5,4";"1,9";"74,4";"8,9";"148";"54,8";"56,5";"-2,2";"8,1";"26,8";"11,4";"7,4";"9,3";"6,9";"39,0";"2,1";"10,4";"8,1";"56,5";"8,9"
"03453";"Cloppenburg";"Landkreis";"29,7";"17,9";"16,2";"6,6";"13,9";"0,98";"10,1";"2,1";"72,3";"9,1";"118";"51,1";"59,6";"14,8";"6,2";"19,7";"15,9";"6,0";"6,6";"9,7";"38,5";"1,9";"8,5";"6,2";"59,6";"5,9"
"03454";"Emsland";"Landkreis";"28,8";"14,2";"18,7";"5,8";"12,5";"0,97";"10,3";"2,0";"77,0";"6,3";"112";"53,3";"58,7";"-4,1";"7,5";"26,3";"11,2";"8,7";"5,4";"6,7";"39,2";"2,1";"7,1";"7,5";"58,7";"8,7"
"03455";"Friesland";"Landkreis";"33,4";"21,4";"25,8";"5,0";"11,0";"1,05";"4,3";"2,0";"75,2";"8,2";"162";"56,2";"57,9";"27,4";"9,3";"23,5";"10,4";"8,8";"7,9";"8,1";"37,3";"2,6";"8,4";"9,3";"57,9";"8,5"
"03456";"Grafschaft Bentheim";"Landkreis";"30,0";"19,4";"20,4";"5,7";"12,5";"1,00";"14,1";"1,7";"76,7";"5,3";"138";"52,4";"58,0";"-2,2";"5,9";"26,0";"11,4";"7,5";"6,4";"8,2";"36,3";"1,9";"7,7";"5,9";"58,0";"7,0"
"03457";"Leer";"Landkreis";"34,6";"16,7";"21,1";"5,5";"11,9";"1,00";"7,5";"1,8";"73,7";"9,2";"156";"53,7";"54,4";"8,6";"9,2";"18,9";"11,6";"7,7";"7,4";"4,4";"39,3";"2,0";"8,6";"9,2";"54,4";"7,9"
"03458";"Oldenburg";"Landkreis";"30,6";"27,6";"21,0";"5,4";"12,0";"1,01";"8,1";"2,2";"78,3";"8,9";"122";"52,3";"62,8";"-14,1";"7,7";"13,7";"11,1";"9,6";"6,5";"8,7";"37,3";"2,7";"7,3";"7,7";"62,8";"7,4"
"03459";"Osnabrück";"Landkreis";"27,4";"22,6";"20,4";"5,7";"12,2";"1,01";"7,7";"1,3";"76,5";"7,0";"168";"50,7";"63,5";"-38,7";"6,8";"24,0";"12,4";"9,0";"5,1";"7,0";"37,7";"1,5";"6,8";"6,8";"63,5";"7,7"
"03460";"Vechta";"Landkreis";"25,8";"20,8";"15,9";"6,4";"13,4";"0,98";"11,7";"2,6";"75,8";"7,0";"173";"52,2";"64,4";"-14,2";"8,8";"27,5";"14,9";"8,5";"6,2";"10,9";"36,7";"1,3";"7,9";"8,8";"64,4";"8,2"
"03461";"Wesermarsch";"Landkreis";"32,6";"26,4";"23,2";"4,9";"11,3";"0,99";"7,5";"1,7";"71,9";"8,3";"108";"53,0";"59,1";"-10,5";"4,1";"26,8";"12,6";"6,9";"10,4";"7,0";"38,3";"2,4";"11,2";"4,1";"59,1";"8,5"
"03462";"Wittmund";"Landkreis";"35,2";"16,4";"24,2";"5,0";"11,6";"1,03";"4,3";"1,5";"72,4";"8,6";"86";"57,0";"57,0";"7,1";"5,8";"31,7";"11,7";"5,6";"7,8";"7,8";"37,3";"2,5";"8,9";"5,8";"57,0";"5,9"
"04011";"Bremen, Stadt";"krsfr. Stadt";"38,2";"21,4";"21,0";"5,6";"10,2";"1,03";"17,5";"3,7";"71,5";"9,5";"1.741";"42,0";"53,6";"-14,0";"8,4";"38,1";"14,1";"20,4";"17,9";"7,0";"37,8";"3,6";"17,4";"8,4";"53,6";"17,8"
"04012";"Bremerhaven, Stadt";"krsfr. Stadt";"40,2";"12,3";"21,8";"6,1";"11,3";"1,01";"16,9";"4,0";"63,1";"12,5";"1.207";"43,8";"54,5";"-14,6";"7,8";"33,2";"16,7";"8,5";"23,4";"7,9";"40,0";"2,9";"23,7";"7,8";"54,5";"10,3"
"05111";"Düsseldorf, Stadt";"krsfr. Stadt";"29,7";"20,4";"19,4";"6,0";"10,0";"1,07";"19,7";"3,1";"76,0";"7,9";"2.839";"42,3";"58,0";"46,8";"5,6";"42,6";"12,5";"29,1";"12,3";"6,5";"36,9";"3,9";"13,7";"5,6";"58,0";"24,0"
"05112";"Duisburg, Stadt";"krsfr. Stadt";"39,1";"20,4";"20,4";"5,8";"11,2";"1,02";"20,2";"2,8";"67,5";"13,3";"2.140";"39,1";"51,0";"-12,5";"7,0";"37,2";"17,7";"10,1";"19,1";"7,7";"39,5";"2,3";"18,9";"7,0";"51,0";"12,6"
"05113";"Essen, Stadt";"krsfr. Stadt";"35,4";"27,7";"21,5";"5,7";"10,3";"1,06";"15,3";"3,9";"73,3";"11,4";"2.774";"41,5";"52,2";"-10,1";"7,8";"40,0";"14,0";"18,2";"20,2";"7,5";"38,2";"2,6";"19,6";"7,8";"52,2";"17,9"
"05114";"Krefeld, Stadt";"krsfr. Stadt";"34,3";"19,0";"22,0";"5,5";"11,0";"1,05";"15,5";"2,5";"70,9";"8,3";"1.645";"44,7";"54,9";"-9,9";"6,8";"39,0";"15,2";"13,7";"16,3";"5,9";"37,6";"2,7";"16,6";"6,8";"54,9";"13,1"
"05116";"Mönchengladbach, Stadt";"krsfr. Stadt";"35,8";"18,7";"20,7";"5,6";"10,9";"1,03";"15,3";"2,9";"68,7";"9,5";"1.538";"44,9";"54,2";"-15,0";"7,4";"41,1";"15,3";"11,6";"18,5";"7,2";"36,4";"2,3";"19,1";"7,4";"54,2";"11,7"
"05117";"Mülheim an der Ruhr, Stadt";"krsfr. Stadt";"28,6";"23,8";"23,7";"5,5";"10,4";"1,07";"15,1";"3,5";"76,9";"10,6";"1.876";"44,8";"53,9";"20,6";"4,7";"47,8";"12,6";"16,9";"16,5";"7,6";"37,0";"2,5";"15,6";"4,7";"53,9";"16,3"
"05119";"Oberhausen, Stadt";"krsfr. Stadt";"34,9";"17,9";"21,7";"5,4";"10,4";"1,04";"14,6";"2,8";"71,3";"13,1";"2.743";"41,4";"52,7";"15,0";"5,5";"41,9";"14,6";"9,3";"17,3";"6,3";"38,4";"2,0";"17,0";"5,5";"52,7";"10,5"
"05120";"Remscheid, Stadt";"krsfr. Stadt";"28,3";"18,7";"22,3";"5,5";"11,2";"1,03";"17,5";"2,3";"71,2";"10,6";"1.484";"44,4";"57,5";"0,0";"5,6";"39,4";"17,3";"9,0";"13,7";"6,7";"37,3";"1,3";"14,2";"5,6";"57,5";"12,5"
"05122";"Solingen, Stadt";"krsfr. Stadt";"30,8";"23,0";"21,4";"5,5";"11,3";"1,06";"16,2";"2,0";"72,1";"9,7";"1.774";"43,9";"58,5";"1,5";"5,6";"42,6";"18,0";"10,8";"12,4";"6,2";"38,2";"1,9";"13,1";"5,6";"58,5";"10,5"
"05124";"Wuppertal, Stadt";"krsfr. Stadt";"35,6";"24,3";"20,9";"5,8";"11,2";"1,04";"18,8";"3,9";"72,5";"10,8";"2.100";"43,3";"53,6";"1,1";"6,1";"38,5";"17,4";"13,5";"17,8";"8,4";"38,3";"1,9";"17,6";"6,1";"53,6";"14,1"
"05154";"Kleve";"Landkreis";"26,3";"18,8";"20,3";"5,4";"11,3";"1,01";"14,4";"1,6";"74,2";"6,9";"252";"49,0";"53,9";"-4,3";"7,6";"30,1";"12,5";"8,8";"7,5";"6,0";"38,2";"2,3";"9,0";"7,6";"53,9";"8,1"
"05158";"Mettmann";"Landkreis";"22,2";"22,8";"23,8";"5,5";"11,1";"1,07";"11,9";"1,8";"77,0";"9,5";"1.192";"45,6";"59,8";"8,8";"4,9";"38,9";"12,7";"14,8";"10,3";"6,6";"35,8";"2,4";"10,4";"4,9";"59,8";"15,5"
"05162";"Rhein-Kreis Neuss";"Landkreis";"21,8";"19,6";"21,8";"5,7";"11,5";"1,06";"11,4";"1,9";"76,6";"8,6";"780";"46,2";"59,3";"12,7";"3,5";"44,1";"12,6";"15,2";"8,9";"7,1";"36,5";"2,5";"9,3";"3,5";"59,3";"13,1"
"05166";"Viersen";"Landkreis";"26,1";"15,8";"21,8";"5,1";"11,2";"1,05";"9,7";"1,6";"75,6";"7,5";"530";"47,6";"56,1";"6,3";"4,5";"41,8";"12,3";"11,9";"8,4";"6,5";"37,4";"2,3";"9,1";"4,5";"56,1";"9,5"
"05170";"Wesel";"Landkreis";"28,6";"17,3";"22,9";"5,1";"10,7";"1,05";"9,0";"2,0";"76,4";"9,6";"442";"45,6";"55,7";"7,4";"4,9";"39,5";"12,0";"10,6";"9,8";"6,7";"38,2";"2,1";"10,4";"4,9";"55,7";"9,3"
"05314";"Bonn, Stadt";"krsfr. Stadt";"34,4";"24,8";"18,0";"6,0";"11,3";"1,09";"16,2";"2,9";"78,7";"7,3";"2.307";"43,6";"51,8";"-14,6";"4,3";"50,0";"13,5";"33,4";"11,8";"9,3";"34,9";"3,2";"12,9";"4,3";"51,8";"28,5"
"05315";"Köln, Stadt";"krsfr. Stadt";"35,2";"20,2";"17,4";"5,9";"10,2";"1,05";"19,2";"3,0";"75,4";"7,2";"2.668";"39,7";"54,3";"20,2";"4,6";"42,1";"14,5";"26,9";"13,1";"6,3";"35,0";"3,6";"14,8";"4,6";"54,3";"23,2"
"05316";"Leverkusen, Stadt";"krsfr. Stadt";"31,1";"18,9";"21,7";"5,7";"11,3";"1,05";"15,4";"2,5";"74,4";"10,3";"2.074";"42,2";"58,4";"12,0";"3,8";"44,9";"14,2";"13,2";"13,5";"7,6";"34,7";"1,8";"13,7";"3,8";"58,4";"19,3"
"05334";"Städteregion Aachen";"Landkreis";"34,3";"20,0";"20,2";"5,2";"10,3";"0,98";"14,0";"2,5";"76,4";"7,4";"784";"44,2";"52,9";"-36,3";"4,8";"44,0";"15,4";"20,9";"11,9";"6,0";"38,3";"2,3";"12,9";"4,8";"52,9";"20,0"
"05358";"Düren";"Landkreis";"29,9";"19,7";"21,1";"5,4";"11,3";"1,02";"10,3";"2,1";"75,2";"9,6";"279";"48,5";"56,1";"1,2";"5,0";"38,8";"15,0";"10,9";"10,7";"7,5";"39,3";"1,9";"11,5";"5,0";"56,1";"12,0"
"05362";"Rhein-Erft-Kreis";"Landkreis";"27,1";"19,1";"21,3";"5,7";"11,4";"1,04";"12,1";"1,8";"76,5";"9,6";"663";"46,2";"58,9";"6,1";"4,7";"39,3";"13,1";"14,0";"10,1";"7,1";"36,8";"2,5";"10,2";"4,7";"58,9";"11,3"
"05366";"Euskirchen";"Landkreis";"27,9";"21,6";"21,3";"5,3";"11,4";"1,03";"7,5";"1,6";"74,4";"9,9";"154";"51,0";"56,9";"4,9";"4,8";"39,0";"13,6";"9,3";"7,5";"7,4";"37,9";"1,7";"8,5";"4,8";"56,9";"8,6"
"05370";"Heinsberg";"Landkreis";"29,3";"17,9";"20,6";"5,3";"11,5";"1,02";"11,3";"1,8";"74,1";"8,7";"403";"50,3";"54,5";"1,3";"4,3";"38,3";"15,2";"9,2";"8,1";"6,6";"36,6";"1,8";"9,7";"4,3";"54,5";"8,3"
"05374";"Oberbergischer Kreis";"Landkreis";"27,7";"22,8";"21,1";"5,6";"11,9";"1,03";"9,3";"1,9";"74,4";"10,6";"297";"48,3";"60,1";"2,0";"4,0";"36,2";"15,3";"9,6";"7,0";"6,5";"39,0";"1,4";"8,3";"4,0";"60,1";"13,8"
"05378";"Rheinisch-Bergischer Kreis";"Landkreis";"22,4";"20,3";"23,1";"5,3";"11,5";"1,06";"9,2";"2,0";"79,4";"8,0";"648";"49,6";"58,1";"10,8";"3,4";"44,1";"11,4";"17,5";"8,1";"6,3";"35,9";"2,4";"8,6";"3,4";"58,1";"14,2"
"05382";"Rhein-Sieg-Kreis";"Landkreis";"25,2";"21,0";"21,1";"5,7";"12,0";"1,04";"10,0";"1,8";"78,5";"9,4";"519";"48,6";"56,8";"1,3";"4,3";"42,0";"13,1";"15,0";"8,0";"7,6";"35,8";"2,3";"8,4";"4,3";"56,8";"12,6"
"05512";"Bottrop, Stadt";"krsfr. Stadt";"33,8";"24,0";"22,1";"5,1";"10,6";"1,05";"10,7";"2,3";"74,5";"12,5";"1.167";"42,3";"52,9";"5,8";"5,6";"39,5";"13,1";"10,4";"13,0";"6,7";"38,0";"1,8";"13,5";"5,6";"52,9";"8,0"
"05513";"Gelsenkirchen, Stadt";"krsfr. Stadt";"39,2";"20,8";"20,6";"5,8";"11,6";"1,01";"19,1";"2,8";"67,4";"17,0";"2.481";"40,0";"47,8";"-19,6";"10,0";"30,7";"16,4";"7,9";"24,9";"9,2";"39,2";"1,9";"23,8";"10,0";"47,8";"10,4"
"05515";"Münster, Stadt";"krsfr. Stadt";"35,5";"29,8";"16,9";"5,4";"9,6";"1,09";"10,3";"2,6";"81,8";"4,9";"1.034";"44,4";"51,4";"-37,1";"5,9";"51,5";"12,7";"30,1";"8,3";"7,8";"35,1";"2,9";"10,0";"5,9";"51,4";"21,4"
"05554";"Borken";"Landkreis";"26,6";"20,2";"18,7";"5,8";"12,7";"1,00";"8,9";"1,7";"77,6";"6,1";"260";"47,2";"59,8";"-4,8";"5,8";"29,2";"13,1";"8,1";"5,4";"8,2";"37,5";"1,5";"7,1";"5,8";"59,8";"7,5"
"05558";"Coesfeld";"Landkreis";"24,6";"27,3";"20,4";"5,6";"11,9";"1,03";"6,1";"1,7";"80,6";"6,2";"197";"48,4";"60,7";"-0,7";"4,6";"38,4";"10,8";"11,3";"5,0";"7,6";"36,7";"1,9";"6,3";"4,6";"60,7";"8,4"
"05562";"Recklinghausen";"Landkreis";"33,4";"21,0";"22,5";"5,2";"10,8";"1,05";"10,7";"2,4";"73,4";"12,3";"810";"45,0";"54,0";"-2,2";"6,5";"33,3";"12,3";"10,6";"15,6";"7,1";"38,6";"2,1";"15,1";"6,5";"54,0";"9,6"
"05566";"Steinfurt";"Landkreis";"27,9";"20,9";"19,6";"5,8";"12,4";"1,01";"8,8";"2,2";"77,4";"6,5";"249";"48,2";"60,9";"0,0";"6,5";"30,9";"13,5";"9,9";"6,7";"7,7";"37,0";"1,7";"8,1";"6,5";"60,9";"9,8"
"05570";"Warendorf";"Landkreis";"26,5";"23,3";"20,9";"5,5";"12,3";"1,02";"9,8";"1,8";"77,4";"7,4";"210";"48,0";"61,3";"-4,6";"4,8";"34,7";"13,4";"9,7";"7,6";"7,6";"39,3";"1,8";"8,6";"4,8";"61,3";"10,4"
"05711";"Bielefeld, Stadt";"krsfr. Stadt";"36,4";"19,1";"19,9";"5,8";"11,4";"1,07";"14,1";"4,4";"74,8";"9,0";"1.285";"43,0";"55,8";"-11,7";"6,8";"39,6";"15,9";"18,1";"14,0";"7,8";"36,3";"1,6";"15,6";"6,8";"55,8";"15,8"
"05754";"Gütersloh";"Landkreis";"24,0";"17,3";"19,3";"5,8";"12,2";"1,00";"12,4";"2,2";"75,0";"8,7";"375";"46,8";"63,6";"3,1";"6,7";"34,9";"15,4";"9,3";"6,5";"7,2";"37,7";"2,0";"7,6";"6,7";"63,6";"10,1"
"05758";"Herford";"Landkreis";"28,8";"22,2";"21,9";"5,4";"11,6";"1,04";"9,0";"2,0";"73,1";"10,9";"558";"48,6";"61,3";"-2,0";"4,0";"39,2";"14,9";"9,6";"8,5";"7,6";"37,4";"1,6";"9,3";"4,0";"61,3";"9,1"
"05762";"Höxter";"Landkreis";"31,7";"19,7";"22,3";"5,1";"11,7";"1,01";"5,4";"1,7";"75,9";"8,9";"118";"52,5";"59,3";"-35,3";"5,8";"37,0";"13,0";"9,2";"5,9";"6,4";"41,3";"1,6";"7,2";"5,8";"59,3";"8,0"
"05766";"Lippe";"Landkreis";"31,9";"26,5";"22,3";"5,7";"12,1";"1,04";"8,3";"2,1";"74,5";"10,8";"280";"48,5";"59,6";"-12,0";"4,8";"32,3";"13,5";"10,8";"9,9";"7,6";"37,9";"1,5";"10,3";"4,8";"59,6";"11,5"
"05770";"Minden-Lübbecke";"Landkreis";"29,9";"23,1";"21,8";"5,6";"11,9";"1,03";"7,6";"2,7";"73,1";"10,6";"270";"50,1";"61,6";"0,4";"6,9";"39,7";"14,4";"9,6";"9,1";"9,2";"38,4";"1,7";"10,1";"6,9";"61,6";"10,1"
"05774";"Paderborn";"Landkreis";"31,4";"22,8";"17,8";"6,0";"11,9";"1,00";"8,9";"2,3";"74,4";"9,9";"245";"47,1";"57,8";"-7,6";"5,1";"33,6";"13,5";"14,5";"8,2";"6,7";"37,6";"1,8";"9,6";"5,1";"57,8";"13,8"
"05911";"Bochum, Stadt";"krsfr. Stadt";"37,2";"21,6";"22,0";"5,0";"9,6";"1,05";"12,3";"3,0";"74,7";"10,5";"2.509";"42,3";"52,5";"-10,1";"7,2";"40,8";"13,2";"19,3";"15,6";"7,0";"38,2";"2,4";"15,5";"7,2";"52,5";"16,0"
"05913";"Dortmund, Stadt";"krsfr. Stadt";"37,1";"22,9";"20,4";"5,6";"10,5";"1,04";"17,0";"2,9";"71,7";"10,3";"2.090";"41,9";"53,1";"-7,5";"7,2";"37,2";"14,9";"17,1";"18,5";"7,3";"37,3";"3,0";"19,0";"7,2";"53,1";"16,3"
"05914";"Hagen, Stadt";"krsfr. Stadt";"35,7";"20,4";"22,5";"5,7";"11,4";"1,05";"17,4";"2,8";"70,1";"12,8";"1.170";"43,9";"56,1";"-14,5";"6,1";"38,3";"18,1";"9,8";"18,5";"9,6";"38,8";"1,6";"17,6";"6,1";"56,1";"11,3"
"05915";"Hamm, Stadt";"krsfr. Stadt";"35,4";"26,6";"20,7";"5,7";"11,9";"1,04";"14,6";"2,0";"71,7";"11,1";"791";"42,0";"53,6";"-19,7";"6,6";"28,9";"15,2";"8,4";"14,3";"6,6";"39,1";"2,0";"15,4";"6,6";"53,6";"9,7"
"05916";"Herne, Stadt";"krsfr. Stadt";"38,3";"20,6";"21,8";"5,4";"10,7";"1,04";"16,3";"2,9";"69,5";"13,9";"3.043";"41,0";"50,1";"-1,9";"9,1";"35,7";"15,1";"9,1";"19,1";"7,5";"38,6";"2,0";"18,7";"9,1";"50,1";"11,0"
"05954";"Ennepe-Ruhr-Kreis";"Landkreis";"29,0";"24,4";"23,5";"5,1";"10,2";"1,06";"10,0";"2,4";"75,9";"9,8";"793";"46,4";"57,8";"1,4";"5,1";"40,7";"13,0";"13,9";"10,9";"5,6";"37,4";"1,9";"11,0";"5,1";"57,8";"11,4"
"05958";"Hochsauerlandkreis";"Landkreis";"26,5";"22,2";"21,8";"5,1";"11,5";"1,01";"8,5";"2,2";"75,4";"8,0";"133";"51,7";"61,6";"3,1";"5,6";"30,0";"14,3";"8,4";"6,4";"6,4";"39,3";"1,2";"7,9";"5,6";"61,6";"8,2"
"05962";"Märkischer Kreis";"Landkreis";"26,4";"22,8";"21,9";"5,3";"11,4";"1,03";"12,8";"1,9";"71,4";"11,3";"390";"46,4";"60,3";"-5,6";"6,2";"34,4";"17,9";"8,7";"9,9";"6,5";"37,9";"1,3";"11,3";"6,2";"60,3";"9,3"
"05966";"Olpe";"Landkreis";"22,3";"19,5";"19,9";"5,6";"11,8";"1,00";"9,1";"2,1";"75,9";"7,7";"189";"50,1";"63,2";"-1,9";"4,8";"35,6";"14,8";"8,5";"5,3";"7,7";"39,0";"1,2";"6,8";"4,8";"63,2";"7,7"
"05970";"Siegen-Wittgenstein";"Landkreis";"27,6";"16,0";"21,3";"5,4";"10,8";"1,01";"10,3";"2,5";"75,6";"10,7";"245";"48,8";"60,2";"-35,6";"4,1";"37,9";"13,5";"11,2";"7,9";"7,0";"38,1";"1,4";"8,3";"4,1";"60,2";"11,3"
"05974";"Soest";"Landkreis";"28,4";"28,0";"21,0";"5,5";"11,7";"1,01";"9,2";"1,9";"74,5";"9,3";"227";"49,0";"59,5";"-2,1";"6,4";"36,9";"13,3";"11,3";"7,6";"6,2";"38,5";"1,6";"8,8";"6,4";"59,5";"11,3"
"05978";"Unna";"Landkreis";"31,4";"20,6";"22,6";"5,2";"10,9";"1,05";"9,5";"2,8";"74,5";"10,3";"725";"45,4";"56,4";"-20,7";"6,4";"39,4";"13,9";"10,2";"12,4";"6,8";"37,6";"2,3";"12,6";"6,4";"56,4";"9,2"
"06411";"Darmstadt, Stadt";"krsfr. Stadt";"32,8";"22,6";"17,3";"5,8";"10,2";"0,96";"19,3";"2,3";"77,9";"8,4";"1.296";"40,0";"55,3";"-16,9";"2,9";"49,0";"14,8";"35,5";"11,1";"8,1";"33,4";"2,7";"12,3";"2,9";"55,3";"30,8"
"06412";"Frankfurt am Main, Stadt";"krsfr. Stadt";"34,4";"17,3";"15,7";"6,4";"10,4";"1,03";"29,0";"2,1";"74,1";"8,6";"3.008";"38,1";"56,9";"46,4";"6,0";"37,2";"14,2";"31,7";"11,6";"6,6";"33,0";"3,0";"14,2";"6,0";"56,9";"27,2"
"06413";"Offenbach am Main, Stadt";"krsfr. Stadt";"35,0";"19,4";"16,7";"6,7";"11,7";"1,02";"35,0";"1,6";"66,4";"12,0";"2.822";"36,4";"59,6";"14,1";"6,8";"29,8";"20,4";"15,2";"16,7";"8,8";"33,3";"2,2";"18,3";"6,8";"59,6";"18,4"
"06414";"Wiesbaden, Stadt";"krsfr. Stadt";"30,2";"21,9";"19,9";"6,3";"11,4";"1,09";"18,8";"2,9";"73,0";"11,2";"1.366";"42,5";"58,7";"9,3";"6,5";"35,8";"14,3";"23,0";"14,3";"7,6";"31,5";"2,3";"15,3";"6,5";"58,7";"22,2"
"06431";"Bergstraße";"Landkreis";"26,1";"21,9";"22,0";"5,3";"10,8";"1,02";"12,9";"2,5";"77,7";"12,9";"374";"49,4";"59,3";"-3,8";"3,5";"35,7";"11,9";"15,0";"7,0";"6,9";"38,7";"1,8";"7,4";"3,5";"59,3";"12,3"
"06432";"Darmstadt-Dieburg";"Landkreis";"23,8";"20,3";"20,6";"5,7";"11,4";"1,01";"14,0";"2,0";"78,6";"11,1";"449";"47,8";"60,0";"-6,2";"4,6";"35,3";"12,5";"17,5";"6,9";"7,7";"35,8";"1,9";"7,4";"4,6";"60,0";"12,9"
"06433";"Groß-Gerau";"Landkreis";"26,3";"17,0";"19,3";"6,2";"11,6";"1,00";"21,5";"2,3";"75,1";"12,2";"599";"42,7";"61,0";"10,2";"5,6";"28,4";"15,0";"13,4";"9,6";"10,3";"36,2";"2,1";"10,4";"5,6";"61,0";"17,3"
"06434";"Hochtaunuskreis";"Landkreis";"13,6";"27,2";"22,5";"5,6";"12,4";"1,06";"15,8";"2,1";"81,3";"10,2";"490";"49,6";"58,2";"-2,7";"3,6";"45,8";"10,0";"25,5";"6,2";"7,8";"36,1";"2,3";"6,5";"3,6";"58,2";"26,3"
"06435";"Main-Kinzig-Kreis";"Landkreis";"26,0";"19,3";"21,3";"5,5";"11,2";"1,03";"15,1";"2,4";"75,5";"14,7";"299";"47,2";"59,7";"-7,8";"4,5";"28,7";"13,3";"12,5";"7,8";"7,5";"35,9";"1,8";"8,5";"4,5";"59,7";"11,2"
"06436";"Main-Taunus-Kreis";"Landkreis";"15,6";"17,3";"21,2";"5,9";"12,1";"1,04";"15,9";"2,1";"80,4";"10,6";"1.066";"47,0";"62,1";"16,4";"5,4";"37,0";"10,4";"24,0";"6,0";"8,3";"33,9";"2,2";"6,4";"5,4";"62,1";"26,9"
"06437";"Odenwaldkreis";"Landkreis";"28,0";"26,2";"23,3";"5,0";"10,8";"1,02";"13,2";"0,9";"75,3";"13,1";"155";"51,4";"58,9";"-15,7";"6,6";"31,0";"15,3";"9,6";"7,3";"7,3";"36,7";"1,2";"8,1";"6,6";"58,9";"8,8"
"06438";"Offenbach";"Landkreis";"22,0";"20,7";"21,1";"5,9";"11,5";"1,03";"18,6";"2,3";"77,4";"11,9";"987";"44,2";"60,9";"7,5";"4,6";"31,6";"13,5";"16,3";"8,1";"9,5";"32,6";"2,3";"8,6";"4,6";"60,9";"17,7"
"06439";"Rheingau-Taunus-Kreis";"Landkreis";"22,6";"21,1";"22,7";"5,1";"11,2";"1,03";"11,8";"2,3";"79,5";"11,6";"230";"50,7";"57,8";"-5,1";"4,2";"37,6";"10,2";"17,3";"6,5";"7,4";"36,1";"2,0";"7,0";"4,2";"57,8";"15,1"
"06440";"Wetteraukreis";"Landkreis";"24,6";"22,8";"20,9";"5,4";"11,3";"1,02";"12,3";"2,0";"77,1";"12,3";"277";"49,0";"58,9";"9,2";"4,3";"40,2";"11,8";"16,0";"6,6";"6,5";"37,6";"1,8";"7,5";"4,3";"58,9";"13,0"
"06531";"Gießen";"Landkreis";"31,9";"20,2";"19,2";"5,4";"10,4";"1,03";"11,6";"3,8";"76,0";"12,1";"312";"48,0";"52,9";"-86,2";"4,7";"41,2";"13,8";"18,7";"9,5";"6,2";"38,7";"1,6";"10,4";"4,7";"52,9";"15,4"
"06532";"Lahn-Dill-Kreis";"Landkreis";"28,3";"19,4";"21,9";"5,3";"11,2";"1,03";"10,5";"2,4";"72,5";"13,9";"238";"50,6";"58,5";"2,1";"5,2";"22,5";"13,8";"10,6";"8,8";"6,2";"38,1";"1,1";"9,8";"5,2";"58,5";"10,7"
"06533";"Limburg-Weilburg";"Landkreis";"29,6";"19,7";"21,2";"5,2";"11,6";"1,01";"11,2";"2,4";"75,1";"12,7";"233";"52,3";"56,3";"-4,4";"5,2";"26,0";"12,3";"11,4";"8,2";"8,3";"38,9";"1,6";"9,4";"5,2";"56,3";"10,8"
"06534";"Marburg-Biedenkopf";"Landkreis";"30,8";"17,0";"19,4";"5,2";"10,9";"1,03";"11,1";"2,2";"76,8";"11,5";"195";"48,7";"55,6";"-36,0";"5,8";"31,4";"14,1";"15,7";"6,8";"6,7";"37,5";"1,7";"8,1";"5,8";"55,6";"13,6"
"06535";"Vogelsbergkreis";"Landkreis";"29,2";"18,9";"24,0";"4,6";"10,5";"1,00";"6,9";"1,9";"74,3";"14,1";"73";"55,5";"60,3";"-2,7";"6,4";"25,3";"12,6";"8,2";"5,6";"6,8";"40,4";"1,2";"7,3";"6,4";"60,3";"8,1"
"06611";"Kassel, Stadt";"krsfr. Stadt";"38,0";"17,7";"19,5";"5,7";"10,0";"1,04";"17,5";"5,3";"72,0";"9,9";"1.880";"41,9";"53,0";"-0,3";"7,0";"35,5";"14,1";"21,6";"15,1";"6,6";"37,3";"2,5";"17,0";"7,0";"53,0";"17,7"
"06631";"Fulda";"Landkreis";"28,5";"21,3";"20,9";"5,6";"11,5";"1,01";"8,5";"2,1";"75,8";"16,2";"161";"50,1";"59,6";"-9,4";"4,6";"27,0";"11,7";"12,3";"5,3";"7,1";"38,2";"1,7";"6,8";"4,6";"59,6";"10,6"
"06632";"Hersfeld-Rotenburg";"Landkreis";"30,7";"19,3";"23,8";"5,2";"10,9";"1,00";"9,0";"1,8";"74,9";"14,7";"110";"52,1";"59,9";"0,7";"4,2";"26,3";"11,9";"8,6";"6,4";"7,9";"39,9";"2,1";"7,8";"4,2";"59,9";"8,2"
"06633";"Kassel";"Landkreis";"27,6";"24,1";"24,7";"5,0";"10,6";"1,04";"6,9";"0,0";"77,4";"11,3";"183";"51,2";"60,9";"3,0";"4,1";"26,1";"10,1";"9,9";"6,4";"6,3";"38,5";"1,8";"7,2";"4,1";"60,9";"8,5"
"06634";"Schwalm-Eder-Kreis";"Landkreis";"28,6";"20,9";"23,0";"5,0";"10,8";"1,00";"7,0";"2,0";"76,6";"12,9";"117";"53,1";"60,4";"-7,6";"4,9";"31,9";"12,0";"8,3";"6,1";"6,4";"40,4";"1,6";"7,5";"4,9";"60,4";"8,9"
"06635";"Waldeck-Frankenberg";"Landkreis";"29,4";"24,2";"23,0";"5,1";"11,2";"1,00";"8,1";"2,4";"73,9";"12,4";"85";"53,9";"62,8";"-6,0";"5,3";"23,9";"13,1";"8,0";"6,6";"6,8";"40,7";"1,2";"7,9";"5,3";"62,8";"8,6"
"06636";"Werra-Meißner-Kreis";"Landkreis";"31,6";"22,0";"25,4";"4,6";"10,1";"1,02";"7,0";"2,1";"74,0";"11,2";"99";"53,2";"56,7";"1,1";"4,1";"23,0";"11,3";"8,6";"9,0";"5,7";"39,9";"1,9";"10,2";"4,1";"56,7";"8,3"
"07111";"Koblenz, Stadt";"krsfr. Stadt";"34,8";"28,4";"21,6";"5,3";"9,4";"1,06";"12,7";"3,1";"74,5";"8,4";"1.082";"46,4";"53,7";"-7,6";"6,2";"43,9";"14,7";"18,7";"11,4";"6,3";"38,3";"1,9";"12,6";"6,2";"53,7";"14,4"
"07131";"Ahrweiler";"Landkreis";"27,7";"21,3";"24,3";"5,0";"10,3";"1,04";"9,1";"2,2";"78,5";"8,8";"164";"54,9";"57,7";"11,5";"2,2";"46,3";"11,7";"11,0";"6,3";"9,0";"39,7";"1,8";"6,9";"2,2";"57,7";"9,4"
"07132";"Altenkirchen (Westerwald)";"Landkreis";"29,6";"19,5";"22,0";"5,2";"11,2";"1,02";"7,2";"1,6";"74,6";"10,9";"200";"53,3";"58,9";"6,6";"5,9";"31,9";"14,2";"7,2";"6,2";"6,3";"42,0";"1,4";"7,3";"5,9";"58,9";"7,4"
"07133";"Bad Kreuznach";"Landkreis";"27,8";"20,3";"23,0";"5,3";"11,0";"1,05";"9,8";"1,9";"75,8";"11,6";"182";"53,0";"59,0";"3,5";"7,7";"34,8";"14,5";"9,9";"8,7";"6,1";"40,0";"1,4";"9,5";"7,7";"59,0";"9,1"
"07134";"Birkenfeld";"Landkreis";"31,0";"26,3";"24,1";"4,8";"10,3";"1,02";"7,7";"1,7";"72,5";"12,0";"104";"58,4";"58,4";"-4,6";"4,0";"31,1";"15,0";"6,8";"8,4";"6,5";"41,0";"1,4";"9,0";"4,0";"58,4";"7,4"
"07135";"Cochem-Zell";"Landkreis";"27,8";"19,9";"24,0";"4,7";"10,6";"1,00";"7,0";"1,6";"77,3";"8,5";"89";"60,9";"59,2";"-11,1";"4,3";"24,0";"12,2";"6,4";"4,6";"6,3";"40,0";"1,8";"5,8";"4,3";"59,2";"5,5"
"07137";"Mayen-Koblenz";"Landkreis";"28,1";"18,5";"21,6";"5,4";"10,9";"1,03";"7,6";"2,1";"75,9";"10,1";"261";"53,6";"58,4";"13,0";"6,0";"28,5";"12,0";"9,2";"6,3";"7,4";"39,9";"1,7";"7,6";"6,0";"58,4";"8,3"
"07138";"Neuwied";"Landkreis";"28,9";"22,2";"22,1";"5,4";"11,5";"1,03";"9,1";"2,0";"75,0";"10,6";"290";"52,4";"58,9";"1,2";"7,9";"27,8";"12,6";"8,9";"8,0";"7,5";"39,2";"1,7";"8,9";"7,9";"58,9";"9,3"
"07140";"Rhein-Hunsrück-Kreis";"Landkreis";"26,8";"20,4";"22,3";"5,2";"11,0";"1,01";"7,4";"1,5";"77,2";"9,8";"104";"57,7";"61,4";"-4,5";"6,9";"26,3";"12,1";"8,1";"5,2";"6,3";"39,4";"1,4";"6,4";"6,9";"61,4";"7,1"
"07141";"Rhein-Lahn-Kreis";"Landkreis";"28,3";"19,6";"23,1";"5,2";"10,6";"1,02";"8,3";"1,8";"76,8";"10,9";"156";"54,5";"58,8";"5,6";"7,6";"36,8";"12,9";"8,7";"5,9";"7,0";"39,6";"1,6";"6,6";"7,6";"58,8";"8,2"
"07143";"Westerwaldkreis";"Landkreis";"25,2";"22,8";"20,9";"5,4";"11,5";"1,01";"8,5";"1,4";"76,9";"10,8";"203";"55,6";"59,7";"4,9";"8,7";"25,0";"12,4";"8,6";"4,9";"7,3";"41,4";"1,5";"6,0";"8,7";"59,7";"7,2"
"07211";"Trier, Stadt";"krsfr. Stadt";"35,6";"28,9";"17,7";"5,1";"9,1";"1,03";"13,1";"3,9";"74,2";"7,8";"940";"46,5";"43,7";"-102,6";"6,3";"43,8";"15,8";"18,6";"7,8";"5,1";"36,0";"2,3";"9,8";"6,3";"43,7";"15,1"
"07231";"Bernkastel-Wittlich";"Landkreis";"30,2";"23,0";"22,5";"5,3";"10,8";"1,00";"9,4";"1,6";"77,1";"8,4";"96";"59,2";"59,2";"-7,1";"7,3";"30,1";"12,1";"6,9";"4,6";"7,5";"38,6";"1,6";"6,0";"7,3";"59,2";"6,6"
"07232";"Eifelkreis Bitburg-Prüm";"Landkreis";"31,5";"19,5";"20,5";"5,6";"11,3";"0,99";"12,1";"1,2";"75,1";"7,4";"60";"61,4";"46,4";"-4,5";"5,8";"36,6";"14,0";"6,2";"3,8";"8,4";"39,5";"1,7";"5,0";"5,8";"46,4";"6,7"
"07233";"Vulkaneifel";"Landkreis";"29,6";"21,6";"23,9";"4,9";"10,5";"0,99";"7,1";"1,3";"76,9";"8,2";"67";"61,0";"58,1";"-1,9";"5,8";"37,6";"12,9";"6,5";"5,1";"7,4";"40,6";"1,6";"6,3";"5,8";"58,1";"6,8"
"07235";"Trier-Saarburg";"Landkreis";"29,8";"27,0";"20,3";"5,5";"11,5";"1,02";"10,1";"1,2";"80,3";"8,1";"135";"56,9";"46,5";"18,6";"9,9";"26,8";"11,8";"8,7";"3,6";"7,3";"37,7";"1,4";"4,7";"9,9";"46,5";"6,7"
"07311";"Frankenthal (Pfalz), Stadt";"krsfr. Stadt";"31,3";"28,8";"22,9";"5,9";"11,0";"1,07";"16,3";"1,9";"72,5";"16,5";"1.103";"45,7";"53,3";"-8,3";"7,5";"40,4";"15,4";"10,3";"10,7";"6,5";"38,0";"1,7";"10,8";"7,5";"53,3";"13,7"
"07312";"Kaiserslautern, Stadt";"krsfr. Stadt";"35,2";"29,0";"20,2";"5,1";"9,4";"0,98";"15,5";"2,6";"70,3";"13,7";"714";"49,7";"52,2";"-36,1";"7,3";"45,7";"15,0";"17,2";"14,4";"4,8";"38,2";"2,5";"15,2";"7,3";"52,2";"14,4"
"07313";"Landau in der Pfalz, Stadt";"krsfr. Stadt";"28,8";"19,8";"19,0";"5,2";"10,0";"1,12";"9,9";"2,3";"76,9";"10,0";"558";"50,3";"53,5";"-53,5";"7,4";"49,1";"14,8";"18,3";"7,7";"6,8";"37,3";"2,6";"9,1";"7,4";"53,5";"13,4"
"07314";"Ludwigshafen am Rhein, Stadt";"krsfr. Stadt";"35,0";"22,3";"19,1";"6,5";"11,6";"1,01";"25,0";"2,7";"69,0";"16,3";"2.176";"42,1";"57,9";"7,2";"14,2";"35,6";"17,3";"11,9";"15,6";"8,6";"38,1";"2,6";"15,8";"14,2";"57,9";"17,6"
"07315";"Mainz, Stadt";"krsfr. Stadt";"36,0";"26,1";"17,5";"5,5";"9,3";"1,06";"17,9";"2,4";"80,2";"7,3";"2.201";"42,4";"54,1";"-12,8";"2,6";"52,2";"14,0";"31,8";"9,4";"7,5";"36,2";"2,3";"10,6";"2,6";"54,1";"22,0"
"07316";"Neustadt an der Weinstraße, Stadt";"krsfr. Stadt";"29,4";"21,8";"24,0";"5,4";"10,4";"1,05";"10,6";"2,0";"77,8";"12,0";"456";"53,2";"59,3";"8,6";"4,0";"55,3";"12,3";"15,2";"9,7";"6,8";"39,9";"2,1";"10,0";"4,0";"59,3";"10,2"
"07317";"Pirmasens, Stadt";"krsfr. Stadt";"35,5";"23,9";"25,2";"5,1";"10,0";"1,04";"11,2";"3,2";"67,1";"16,1";"662";"53,7";"54,9";"2,9";"6,7";"39,5";"19,3";"7,1";"18,6";"6,2";"42,3";"1,8";"18,1";"6,7";"54,9";"8,8"
"07318";"Speyer, Stadt";"krsfr. Stadt";"33,0";"36,5";"22,1";"5,3";"10,8";"1,06";"14,9";"2,4";"75,4";"13,5";"1.192";"46,1";"58,2";"40,3";"3,0";"54,5";"13,4";"16,2";"8,8";"5,4";"38,1";"2,2";"9,8";"3,0";"58,2";"12,6"
"07319";"Worms, Stadt";"krsfr. Stadt";"33,6";"27,3";"20,3";"6,0";"11,2";"1,03";"16,5";"2,3";"72,3";"15,0";"764";"46,7";"59,8";"-4,1";"5,7";"38,4";"18,3";"11,6";"12,9";"7,6";"38,5";"1,9";"13,6";"5,7";"59,8";"9,8"
"07320";"Zweibrücken, Stadt";"krsfr. Stadt";"34,4";"18,7";"23,0";"5,1";"10,4";"1,02";"9,7";"2,2";"70,5";"14,5";"485";"52,8";"56,9";"-0,4";"8,3";"44,0";"14,3";"10,0";"9,6";"6,3";"39,6";"2,4";"11,4";"8,3";"56,9";"9,6"
"07331";"Alzey-Worms";"Landkreis";"24,4";"20,9";"19,6";"5,7";"11,4";"1,01";"9,1";"1,7";"79,7";"13,8";"219";"52,7";"60,2";"5,0";"4,6";"33,6";"11,9";"10,7";"5,6";"7,3";"38,0";"1,5";"6,1";"4,6";"60,2";"9,7"
"07332";"Bad Dürkheim";"Landkreis";"23,7";"27,6";"23,9";"5,0";"10,5";"1,04";"8,3";"1,6";"80,3";"12,4";"223";"56,0";"60,5";"1,2";"10,1";"42,0";"11,4";"14,3";"5,4";"6,3";"40,1";"1,9";"6,1";"10,1";"60,5";"9,2"
"07333";"Donnersbergkreis";"Landkreis";"27,4";"25,2";"21,3";"5,1";"11,5";"1,02";"7,4";"1,5";"75,1";"13,7";"116";"55,5";"60,4";"-4,3";"8,7";"32,5";"13,9";"8,7";"6,2";"6,5";"41,0";"1,6";"6,9";"8,7";"60,4";"10,5"
"07334";"Germersheim";"Landkreis";"24,1";"17,8";"19,5";"5,7";"11,2";"1,01";"11,9";"1,5";"77,5";"16,3";"277";"51,4";"62,4";"-16,2";"6,7";"29,1";"14,3";"9,8";"6,0";"6,8";"38,4";"1,9";"6,6";"6,7";"62,4";"8,8"
"07335";"Kaiserslautern";"Landkreis";"28,2";"17,5";"21,4";"5,7";"11,3";"1,03";"8,0";"1,5";"75,8";"14,0";"165";"69,1";"58,0";"-0,2";"7,1";"30,1";"11,1";"9,1";"6,7";"6,9";"38,8";"1,6";"7,2";"7,1";"58,0";"6,2"
"07336";"Kusel";"Landkreis";"27,2";"18,8";"23,5";"4,9";"10,2";"1,01";"6,0";"1,7";"75,8";"14,0";"123";"63,5";"58,8";"20,0";"11,5";"21,7";"11,8";"6,6";"7,2";"6,2";"43,8";"1,1";"7,8";"11,5";"58,8";"6,3"
"07337";"Südliche Weinstraße";"Landkreis";"25,3";"15,9";"22,7";"5,2";"10,7";"1,03";"7,2";"1,2";"79,8";"12,2";"173";"56,7";"60,1";"-8,9";"6,4";"36,6";"12,0";"10,3";"5,3";"6,3";"38,8";"2,0";"6,2";"6,4";"60,1";"9,8"
"07338";"Rhein-Pfalz-Kreis";"Landkreis";"20,3";"17,3";"22,5";"5,8";"10,7";"1,03";"9,9";"1,6";"80,9";"13,8";"504";"52,8";"61,7";"21,1";"3,3";"19,7";"10,6";"13,9";"4,5";"7,4";"40,3";"1,9";"4,7";"3,3";"61,7";"8,7"
"07339";"Mainz-Bingen";"Landkreis";"19,9";"24,0";"20,4";"5,6";"11,6";"1,03";"9,6";"1,7";"81,9";"9,8";"347";"52,5";"60,8";"-22,8";"6,7";"47,6";"10,5";"17,3";"5,5";"6,5";"36,7";"1,8";"5,9";"6,7";"60,8";"14,9"
"07340";"Südwestpfalz";"Landkreis";"27,3";"15,8";"24,7";"4,6";"9,6";"1,03";"4,0";"1,0";"79,1";"12,9";"100";"60,8";"60,5";"-10,6";"4,1";"18,2";"12,0";"7,6";"3,6";"4,6";"41,5";"1,7";"4,7";"4,1";"60,5";"4,8"
"08111";"Stuttgart, Stadt";"krsfr. Stadt";"30,5";"27,9";"17,9";"5,6";"9,9";"1,00";"24,6";"2,3";"79,1";"8,8";"3.052";"38,3";"57,8";"24,6";"6,9";"40,0";"14,6";"33,6";"8,2";"5,9";"34,1";"2,9";"9,3";"6,9";"57,8";"30,2"
"08115";"Böblingen";"Landkreis";"20,0";"21,9";"19,8";"6,1";"11,7";"1,01";"18,0";"1,7";"79,5";"11,7";"631";"44,9";"64,0";"21,8";"8,6";"31,5";"13,3";"20,3";"4,4";"7,9";"36,2";"2,0";"4,7";"8,6";"64,0";"21,9"
"08116";"Esslingen";"Landkreis";"19,6";"22,4";"20,4";"5,6";"11,3";"1,00";"16,9";"1,9";"80,1";"11,7";"830";"44,1";"63,3";"11,3";"5,2";"31,7";"13,3";"18,9";"4,9";"5,7";"36,9";"2,0";"5,3";"5,2";"63,3";"17,2"
"08117";"Göppingen";"Landkreis";"22,9";"21,7";"21,4";"5,5";"11,4";"1,01";"15,9";"1,9";"76,2";"14,7";"399";"45,4";"61,1";"5,7";"7,3";"25,3";"14,7";"12,1";"5,9";"7,5";"37,5";"1,5";"6,4";"7,3";"61,1";"11,6"
"08118";"Ludwigsburg";"Landkreis";"20,7";"22,8";"19,7";"6,1";"11,6";"1,02";"17,5";"1,8";"79,9";"11,9";"790";"43,8";"63,9";"25,2";"6,6";"31,0";"13,3";"19,3";"4,6";"6,8";"35,8";"1,8";"4,9";"6,6";"63,9";"18,9"
"08119";"Rems-Murr-Kreis";"Landkreis";"20,6";"23,3";"20,9";"5,6";"11,5";"1,02";"15,6";"1,8";"78,7";"13,7";"495";"44,6";"63,0";"7,6";"6,9";"26,9";"13,8";"15,4";"5,5";"6,1";"35,6";"1,5";"6,3";"6,9";"63,0";"13,2"
"08121";"Heilbronn, Stadt";"krsfr. Stadt";"31,9";"26,0";"19,5";"6,1";"11,3";"0,98";"24,6";"2,8";"72,0";"16,4";"1.253";"41,0";"62,4";"3,3";"6,7";"29,4";"17,6";"15,3";"8,9";"6,4";"37,8";"2,0";"9,6";"6,7";"62,4";"14,0"
"08125";"Heilbronn";"Landkreis";"21,9";"23,5";"19,1";"5,8";"11,7";"0,99";"13,9";"1,5";"78,5";"15,7";"310";"47,4";"64,4";"7,9";"6,2";"23,7";"13,1";"12,4";"4,2";"6,3";"39,1";"1,7";"4,6";"6,2";"64,4";"15,3"
"08126";"Hohenlohekreis";"Landkreis";"22,1";"26,5";"19,2";"5,6";"11,9";"0,98";"10,4";"1,4";"76,4";"14,8";"143";"48,0";"66,6";"-1,4";"3,9";"19,3";"14,9";"9,7";"2,7";"4,4";"41,9";"1,1";"3,7";"3,9";"66,6";"9,4"
"08127";"Schwäbisch Hall";"Landkreis";"25,1";"22,7";"19,0";"5,9";"11,9";"0,99";"10,6";"1,4";"74,5";"14,5";"131";"47,8";"64,2";"5,5";"5,0";"26,4";"14,6";"10,2";"4,0";"7,2";"38,8";"1,5";"5,6";"5,0";"64,2";"10,1"
"08128";"Main-Tauber-Kreis";"Landkreis";"24,8";"23,7";"22,2";"5,2";"11,2";"1,01";"8,7";"1,5";"77,6";"13,6";"101";"52,0";"64,0";"-17,5";"5,5";"23,8";"13,0";"9,6";"4,2";"6,8";"39,4";"1,7";"4,6";"5,5";"64,0";"9,7"
"08135";"Heidenheim";"Landkreis";"24,7";"23,8";"21,8";"5,5";"11,7";"1,01";"14,6";"1,8";"74,9";"13,3";"210";"46,4";"62,4";"-1,3";"8,7";"27,9";"14,7";"12,3";"6,4";"7,9";"38,0";"1,3";"7,0";"8,7";"62,4";"13,8"
"08136";"Ostalbkreis";"Landkreis";"24,6";"25,3";"20,4";"5,4";"11,8";"1,01";"10,5";"1,1";"76,5";"12,3";"207";"47,4";"61,7";"-14,0";"5,2";"29,8";"12,9";"13,2";"4,0";"6,9";"37,9";"1,2";"5,3";"5,2";"61,7";"13,3"
"08211";"Baden-Baden, Stadt";"krsfr. Stadt";"26,1";"31,2";"26,2";"4,6";"9,6";"1,08";"18,8";"3,1";"74,9";"10,7";"390";"53,5";"59,5";"20,8";"4,8";"50,5";"13,0";"17,1";"6,7";"4,9";"37,1";"3,0";"8,0";"4,8";"59,5";"15,0"
"08212";"Karlsruhe, Stadt";"krsfr. Stadt";"35,1";"29,1";"18,3";"5,1";"9,2";"0,95";"18,5";"1,8";"77,0";"10,4";"1.799";"41,7";"54,2";"-13,3";"8,0";"42,9";"14,2";"30,0";"6,6";"3,7";"34,6";"3,0";"8,0";"8,0";"54,2";"21,4"
"08215";"Karlsruhe";"Landkreis";"24,2";"22,3";"20,9";"5,5";"11,1";"1,01";"12,8";"1,5";"78,8";"13,6";"408";"49,1";"62,7";"3,1";"3,8";"28,9";"12,6";"14,7";"4,1";"5,9";"38,5";"2,0";"4,5";"3,8";"62,7";"15,8"
"08216";"Rastatt";"Landkreis";"25,5";"18,8";"21,3";"5,3";"11,1";"1,01";"13,3";"1,8";"75,3";"13,2";"312";"48,6";"65,1";"9,7";"6,4";"22,8";"13,9";"10,6";"4,5";"6,6";"38,5";"1,9";"5,3";"6,4";"65,1";"11,1"
"08221";"Heidelberg, Stadt";"krsfr. Stadt";"33,2";"25,7";"16,2";"5,3";"8,7";"1,08";"20,6";"1,7";"81,2";"7,8";"1.475";"39,2";"44,4";"-135,0";"8,1";"52,0";"12,6";"42,9";"5,0";"5,2";"36,8";"3,7";"6,1";"8,1";"44,4";"27,7"
"08222";"Mannheim, Stadt";"krsfr. Stadt";"37,1";"23,0";"18,5";"5,6";"9,8";"1,00";"23,3";"1,0";"72,3";"12,8";"2.125";"42,2";"57,5";"1,2";"8,5";"36,1";"15,5";"22,7";"11,2";"5,8";"34,9";"2,8";"12,5";"8,5";"57,5";"20,2"
"08225";"Neckar-Odenwald-Kreis";"Landkreis";"27,5";"20,9";"21,3";"5,2";"11,2";"0,99";"9,5";"1,5";"75,4";"14,1";"127";"51,3";"62,2";"-22,1";"5,0";"31,6";"15,0";"8,8";"4,1";"5,5";"41,1";"1,8";"5,8";"5,0";"62,2";"7,8"
"08226";"Rhein-Neckar-Kreis";"Landkreis";"25,0";"20,7";"21,3";"5,7";"11,2";"1,03";"12,3";"1,7";"79,3";"12,8";"515";"49,6";"61,3";"3,7";"5,7";"33,2";"12,1";"18,5";"5,5";"6,2";"38,5";"2,1";"6,1";"5,7";"61,3";"19,9"
"08231";"Pforzheim, Stadt";"Landkreis";"31,0";"23,6";"20,3";"6,2";"11,4";"1,04";"25,3";"4,0";"68,4";"19,3";"1.267";"41,5";"60,2";"-0,2";"8,4";"34,0";"19,3";"11,8";"12,1";"9,2";"39,0";"2,1";"12,4";"8,4";"60,2";"13,4"
"08235";"Calw";"Landkreis";"23,8";"24,3";"20,5";"5,5";"11,8";"0,99";"14,6";"1,6";"77,2";"15,2";"197";"48,0";"63,7";"-2,0";"6,8";"22,9";"13,6";"10,4";"4,0";"6,1";"39,9";"1,6";"4,9";"6,8";"63,7";"9,9"
"08236";"Enzkreis";"Landkreis";"19,4";"18,8";"20,9";"5,5";"11,7";"1,02";"12,8";"1,5";"79,5";"14,9";"346";"48,6";"63,5";"0,5";"10,7";"21,6";"12,8";"12,4";"3,5";"9,2";"39,9";"1,6";"3,8";"10,7";"63,5";"9,5"
"08237";"Freudenstadt";"Landkreis";"24,4";"28,4";"20,4";"5,4";"11,9";"1,00";"11,3";"1,7";"75,8";"14,7";"135";"48,7";"64,9";"2,3";"5,3";"22,7";"13,7";"9,4";"4,0";"7,3";"39,7";"1,5";"5,2";"5,3";"64,9";"9,8"
"08311";"Freiburg im Breisgau, Stadt";"krsfr. Stadt";"38,4";"28,7";"16,3";"5,9";"10,0";"1,10";"17,1";"2,3";"80,4";"7,2";"1.500";"38,7";"49,5";"-29,3";"11,3";"43,9";"13,9";"33,1";"8,1";"6,9";"35,2";"4,2";"9,9";"11,3";"49,5";"25,3"
"08315";"Breisgau-Hochschwarzwald";"Landkreis";"24,9";"23,2";"21,5";"5,7";"11,7";"1,03";"11,6";"1,9";"80,0";"9,3";"190";"47,6";"59,8";"0,1";"6,9";"32,8";"13,0";"14,2";"4,2";"5,7";"36,6";"2,8";"4,8";"6,9";"59,8";"12,1"
"08316";"Emmendingen";"Landkreis";"24,2";"22,0";"20,6";"5,7";"11,6";"1,02";"10,0";"1,8";"78,7";"10,0";"242";"46,9";"63,1";"5,7";"6,8";"21,2";"12,9";"11,7";"4,3";"6,7";"37,3";"2,3";"5,2";"6,8";"63,1";"10,5"
"08317";"Ortenaukreis";"Landkreis";"25,1";"23,6";"20,6";"5,7";"11,7";"1,01";"11,0";"1,7";"74,4";"12,0";"229";"47,9";"64,5";"2,0";"4,6";"28,0";"14,1";"9,7";"4,9";"8,5";"36,7";"1,7";"6,0";"4,6";"64,5";"9,4"
"08325";"Rottweil";"Landkreis";"23,6";"22,4";"20,9";"5,7";"11,9";"1,00";"11,0";"1,9";"75,9";"13,8";"180";"50,1";"64,7";"12,9";"6,1";"28,2";"15,2";"10,0";"3,4";"8,8";"39,8";"1,1";"4,8";"6,1";"64,7";"9,1"
"08326";"Schwarzwald-Baar-Kreis";"Landkreis";"26,2";"25,4";"22,1";"5,4";"11,1";"1,01";"14,7";"1,3";"74,6";"12,8";"206";"47,5";"63,3";"-6,6";"9,0";"26,4";"15,7";"10,8";"4,6";"7,3";"36,3";"1,9";"5,5";"9,0";"63,3";"11,0"
"08327";"Tuttlingen";"Landkreis";"24,0";"21,1";"19,4";"6,1";"12,5";"0,99";"15,7";"1,7";"74,7";"14,1";"190";"47,5";"65,0";"6,7";"6,6";"22,2";"18,7";"9,1";"4,2";"7,7";"38,6";"1,2";"5,1";"6,6";"65,0";"10,3"
"08335";"Konstanz";"Landkreis";"28,7";"24,7";"20,7";"5,4";"11,0";"1,05";"14,6";"1,9";"76,7";"10,3";"347";"46,3";"54,8";"-14,2";"6,4";"27,8";"15,1";"15,8";"5,3";"6,7";"35,6";"2,5";"6,1";"6,4";"54,8";"14,9"
"08336";"Lörrach";"Landkreis";"27,7";"25,6";"20,1";"5,7";"11,8";"1,04";"14,6";"1,7";"74,6";"10,9";"283";"47,1";"50,7";"12,9";"5,6";"29,5";"16,8";"10,0";"4,7";"5,9";"36,8";"2,8";"5,8";"5,6";"50,7";"11,7"
"08337";"Waldshut";"Landkreis";"25,0";"28,2";"20,9";"5,7";"12,1";"1,02";"15,0";"1,6";"73,9";"10,5";"150";"50,5";"50,3";"13,5";"6,1";"23,2";"17,5";"8,1";"4,0";"7,0";"37,6";"2,0";"4,9";"6,1";"50,3";"8,6"
"08415";"Reutlingen";"Landkreis";"24,1";"21,1";"20,3";"5,7";"11,5";"1,01";"15,3";"1,9";"78,1";"12,9";"262";"45,6";"62,6";"-4,7";"5,3";"31,2";"14,1";"15,2";"5,5";"7,1";"37,8";"1,5";"6,5";"5,3";"62,6";"15,6"
"08416";"Tübingen";"Landkreis";"28,4";"21,5";"17,0";"5,8";"11,1";"1,05";"13,3";"1,9";"82,0";"8,8";"435";"43,8";"55,1";"-29,0";"5,2";"41,2";"12,8";"26,5";"4,2";"6,9";"36,3";"2,1";"5,1";"5,2";"55,1";"22,4"
"08417";"Zollernalbkreis";"Landkreis";"22,5";"18,5";"21,9";"5,2";"11,2";"1,02";"12,1";"0,7";"74,3";"14,6";"205";"50,4";"63,2";"-5,7";"6,8";"18,7";"15,9";"9,4";"3,9";"6,2";"39,1";"1,4";"4,7";"6,8";"63,2";"9,1"
"08421";"Ulm, Stadt";"krsfr. Stadt";"31,1";"25,5";"18,4";"5,7";"10,5";"1,02";"19,3";"2,6";"77,5";"10,2";"1.058";"42,1";"59,6";"-0,4";"8,0";"41,9";"14,7";"26,6";"5,7";"6,8";"36,7";"2,2";"6,9";"8,0";"59,6";"22,1"
"08425";"Alb-Donau-Kreis";"Landkreis";"21,0";"20,6";"19,1";"5,9";"12,3";"0,98";"12,6";"1,6";"79,8";"12,5";"143";"48,6";"64,3";"-3,8";"5,7";"20,8";"12,8";"12,3";"3,0";"8,3";"39,4";"1,5";"3,7";"5,7";"64,3";"7,6"
"08426";"Biberach";"Landkreis";"22,2";"22,1";"18,4";"6,1";"12,4";"0,99";"10,0";"1,7";"78,1";"12,6";"141";"50,0";"64,5";"8,5";"6,4";"23,5";"12,8";"12,3";"3,1";"8,6";"37,8";"1,4";"4,4";"6,4";"64,5";"13,1"
"08435";"Bodenseekreis";"Landkreis";"23,7";"22,4";"22,4";"5,4";"11,4";"1,03";"12,9";"1,8";"79,2";"10,3";"323";"48,6";"64,2";"5,5";"9,1";"24,6";"12,2";"19,0";"3,9";"7,7";"36,2";"2,2";"5,2";"9,1";"64,2";"19,8"
"08436";"Ravensburg";"Landkreis";"25,9";"21,0";"19,5";"5,7";"12,0";"1,01";"10,7";"1,7";"77,4";"10,4";"174";"46,4";"62,0";"-3,2";"6,6";"26,8";"13,1";"14,5";"3,9";"5,7";"38,6";"1,6";"5,6";"6,6";"62,0";"13,2"
"08437";"Sigmaringen";"Landkreis";"26,8";"18,9";"20,1";"5,6";"11,8";"1,00";"10,3";"1,7";"75,6";"12,9";"108";"49,8";"61,9";"-39,5";"7,5";"30,9";"15,2";"8,9";"3,5";"5,2";"39,0";"1,3";"5,2";"7,5";"61,9";"8,6"
"09161";"Ingolstadt, Stadt";"krsfr. Stadt";"29,4";"28,2";"18,5";"6,0";"10,5";"0,98";"17,6";"2,1";"70,9";"15,3";"1.014";"43,6";"66,0";"38,7";"3,3";"32,4";"12,6";"23,5";"5,3";"5,0";"33,9";"2,8";"6,7";"3,3";"66,0";"21,0"
"09162";"München, Stadt";"krsfr. Stadt";"32,3";"22,1";"17,8";"6,3";"9,4";"1,06";"25,5";"2,3";"78,2";"8,4";"4.686";"39,4";"64,5";"27,8";"5,9";"35,3";"11,8";"35,7";"6,2";"6,3";"31,9";"4,6";"8,2";"5,9";"64,5";"32,9"
"09163";"Rosenheim, Stadt";"krsfr. Stadt";"28,9";"26,1";"20,1";"5,7";"10,7";"1,03";"20,5";"2,0";"73,7";"14,7";"1.695";"42,0";"59,2";"9,0";"4,6";"36,2";"13,2";"17,5";"6,6";"4,7";"34,2";"2,8";"8,2";"4,6";"59,2";"15,5"
"09171";"Altötting";"Landkreis";"26,0";"33,5";"21,7";"5,5";"11,3";"1,03";"10,8";"1,7";"74,3";"13,6";"194";"49,5";"62,3";"9,5";"6,1";"25,2";"10,8";"9,7";"4,1";"5,5";"38,6";"2,0";"5,6";"6,1";"62,3";"8,9"
"09172";"Berchtesgadener Land";"Landkreis";"30,1";"34,2";"23,6";"5,2";"10,2";"1,04";"15,7";"1,2";"75,3";"13,1";"125";"46,3";"52,8";"1,3";"4,0";"26,6";"11,5";"9,1";"3,6";"5,1";"36,5";"2,6";"4,9";"4,0";"52,8";"8,8"
"09173";"Bad Tölz-Wolfratshausen";"Landkreis";"21,0";"25,6";"21,2";"5,8";"11,6";"1,03";"12,2";"1,7";"79,3";"11,9";"114";"47,5";"60,9";"3,7";"3,6";"33,5";"10,4";"15,5";"3,0";"4,8";"36,4";"3,0";"4,4";"3,6";"60,9";"11,5"
"09174";"Dachau";"Landkreis";"17,9";"33,9";"18,3";"6,0";"11,6";"1,00";"15,4";"1,2";"81,1";"12,3";"264";"44,3";"65,4";"16,3";"5,9";"25,0";"10,0";"15,8";"2,0";"6,0";"35,7";"2,7";"3,6";"5,9";"65,4";"12,5"
"09175";"Ebersberg";"Landkreis";"12,9";"34,4";"18,7";"6,3";"12,5";"1,00";"12,9";"1,0";"83,7";"10,3";"256";"45,7";"62,8";"7,0";"3,5";"35,0";"10,1";"21,4";"2,1";"5,5";"34,0";"3,4";"3,1";"3,5";"62,8";"13,3"
"09176";"Eichstätt";"Landkreis";"19,8";"23,8";"17,4";"6,4";"12,1";"0,97";"8,9";"1,5";"81,7";"14,7";"108";"51,4";"63,0";"-14,9";"2,5";"23,7";"10,4";"14,5";"1,6";"5,6";"38,6";"1,4";"2,2";"2,5";"63,0";"14,6"
"09177";"Erding";"Landkreis";"18,0";"33,5";"16,7";"6,0";"12,1";"0,98";"11,1";"1,0";"80,4";"13,5";"157";"47,2";"64,8";"4,6";"2,8";"27,0";"10,5";"12,8";"2,3";"5,1";"35,0";"3,1";"3,4";"2,8";"64,8";"9,7"
"09178";"Freising";"Landkreis";"20,1";"30,3";"15,7";"6,1";"11,5";"0,96";"16,8";"1,3";"80,2";"12,3";"223";"45,3";"64,8";"-2,0";"4,9";"24,9";"11,9";"18,3";"1,7";"5,3";"39,7";"3,7";"2,8";"4,9";"64,8";"15,7"
"09179";"Fürstenfeldbruck";"Landkreis";"16,0";"29,6";"21,5";"6,0";"11,6";"1,04";"14,3";"1,3";"82,1";"10,9";"501";"44,8";"62,5";"3,6";"4,1";"39,7";"10,3";"20,2";"4,1";"7,6";"32,1";"3,0";"4,6";"4,1";"62,5";"15,3"
"09180";"Garmisch-Partenkirchen";"Landkreis";"27,5";"26,3";"25,0";"5,2";"10,1";"1,06";"12,7";"1,5";"79,3";"12,6";"87";"47,7";"58,3";"2,8";"4,1";"33,4";"10,6";"12,0";"4,5";"5,7";"34,5";"3,0";"5,2";"4,1";"58,3";"10,6"
"09181";"Landsberg am Lech";"Landkreis";"20,6";"19,7";"19,7";"5,6";"12,2";"1,00";"8,3";"1,4";"81,4";"10,9";"148";"50,1";"58,5";"-8,6";"5,7";"31,8";"10,0";"16,9";"2,8";"4,4";"40,1";"2,6";"4,2";"5,7";"58,5";"13,2"
"09182";"Miesbach";"Landkreis";"20,6";"32,0";"22,6";"5,4";"11,1";"1,04";"12,1";"0,8";"80,0";"11,4";"115";"51,3";"61,0";"-12,8";"8,3";"21,1";"9,5";"16,9";"2,1";"4,6";"34,8";"3,0";"3,1";"8,3";"61,0";"15,3"
"09183";"Mühldorf a.Inn";"Landkreis";"25,1";"36,4";"19,8";"5,7";"11,3";"0,98";"11,5";"1,3";"75,4";"15,5";"142";"48,6";"61,7";"7,7";"6,0";"23,1";"11,9";"9,1";"4,4";"5,3";"39,6";"2,7";"6,3";"6,0";"61,7";"7,5"
"09184";"München";"Landkreis";"15,0";"35,4";"20,5";"6,0";"12,2";"1,01";"17,1";"1,3";"83,5";"9,4";"522";"45,6";"61,5";"-2,0";"4,5";"47,5";"9,7";"28,0";"3,0";"7,0";"34,6";"3,8";"3,8";"4,5";"61,5";"31,1"
"09185";"Neuburg-Schrobenhausen";"Landkreis";"24,0";"31,2";"18,8";"6,0";"11,7";"0,99";"10,0";"1,4";"77,3";"15,1";"130";"50,0";"64,6";"-2,1";"6,5";"17,5";"12,3";"9,4";"2,4";"7,1";"37,1";"1,8";"3,7";"6,5";"64,6";"9,8"
"09186";"Pfaffenhofen a.d.Ilm";"Landkreis";"21,5";"30,9";"17,9";"6,0";"11,4";"0,96";"10,8";"1,0";"77,2";"15,2";"166";"49,9";"63,9";"6,8";"5,7";"20,9";"10,9";"12,6";"1,5";"4,6";"40,1";"2,4";"2,8";"5,7";"63,9";"12,4"
"09187";"Rosenheim";"Landkreis";"23,2";"41,1";"21,1";"5,6";"11,6";"1,02";"10,0";"1,1";"80,0";"13,7";"180";"49,2";"59,3";"1,6";"3,1";"24,1";"9,7";"13,9";"2,4";"5,5";"39,8";"2,6";"4,0";"3,1";"59,3";"10,5"
"09188";"Starnberg";"Landkreis";"9,3";"25,2";"22,8";"5,6";"12,5";"1,06";"13,9";"1,3";"84,1";"8,8";"278";"51,6";"56,3";"-20,4";"4,0";"40,8";"9,3";"27,3";"2,6";"5,3";"33,7";"3,8";"3,3";"4,0";"56,3";"24,0"
"09189";"Traunstein";"Landkreis";"25,3";"31,2";"22,6";"5,3";"11,0";"1,02";"9,7";"1,3";"77,3";"11,4";"115";"51,4";"60,6";"-0,6";"4,6";"26,5";"11,3";"10,9";"2,9";"3,9";"39,6";"2,3";"4,4";"4,6";"60,6";"10,8"
"09190";"Weilheim-Schongau";"Landkreis";"25,3";"23,3";"21,4";"5,6";"11,7";"1,01";"9,2";"1,3";"80,3";"11,7";"139";"49,0";"61,7";"8,3";"4,3";"26,4";"11,4";"12,4";"3,2";"5,6";"38,0";"2,1";"4,9";"4,3";"61,7";"12,5"
"09261";"Landshut, Stadt";"krsfr. Stadt";"29,6";"43,3";"20,6";"5,4";"10,0";"1,06";"17,5";"1,7";"74,3";"13,0";"1.081";"45,4";"60,5";"14,9";"4,5";"33,9";"13,0";"18,1";"5,8";"4,4";"36,9";"2,7";"7,5";"4,5";"60,5";"11,7"
"09262";"Passau, Stadt";"krsfr. Stadt";"33,4";"26,3";"21,5";"4,4";"8,4";"1,08";"14,1";"2,4";"73,3";"12,7";"744";"50,1";"50,6";"-30,5";"5,3";"35,4";"13,1";"19,5";"6,7";"3,8";"38,2";"3,5";"9,4";"5,3";"50,6";"13,4"
"09263";"Straubing, Stadt";"krsfr. Stadt";"29,1";"31,3";"21,2";"4,9";"9,6";"0,99";"15,4";"2,4";"67,4";"17,2";"704";"46,3";"60,0";"13,2";"5,1";"34,1";"15,5";"10,1";"7,4";"4,8";"38,9";"2,4";"11,8";"5,1";"60,0";"9,7"
"09271";"Deggendorf";"Landkreis";"29,4";"24,8";"20,0";"5,2";"10,9";"1,01";"8,4";"2,5";"70,9";"18,4";"138";"52,3";"61,5";"-23,5";"7,4";"28,0";"12,5";"9,0";"3,3";"4,8";"39,4";"2,0";"4,8";"7,4";"61,5";"8,7"
"09272";"Freyung-Grafenau";"Landkreis";"31,5";"16,3";"21,3";"4,9";"10,4";"1,00";"4,5";"0,7";"71,9";"20,1";"80";"54,1";"59,5";"-9,9";"3,9";"29,5";"11,4";"5,9";"2,1";"4,6";"44,7";"1,3";"3,9";"3,9";"59,5";"5,5"
"09273";"Kelheim";"Landkreis";"26,4";"27,5";"18,3";"5,7";"11,9";"0,97";"11,7";"1,1";"75,6";"14,9";"114";"50,2";"63,4";"-10,0";"6,5";"26,0";"12,2";"9,0";"2,5";"7,1";"42,8";"2,1";"3,6";"6,5";"63,4";"8,2"
"09274";"Landshut";"Landkreis";"25,3";"28,7";"18,4";"5,9";"11,9";"0,97";"9,3";"0,9";"78,7";"15,1";"117";"50,2";"63,3";"1,0";"3,7";"11,7";"10,9";"9,6";"2,2";"4,3";"40,0";"2,2";"3,0";"3,7";"63,3";"9,0"
"09275";"Passau";"Landkreis";"29,3";"20,2";"21,7";"5,1";"10,8";"1,01";"7,3";"1,0";"73,5";"17,2";"125";"53,9";"60,1";"-5,4";"5,4";"20,4";"11,9";"6,9";"3,8";"7,3";"38,9";"1,7";"4,7";"5,4";"60,1";"5,6"
"09276";"Regen";"Landkreis";"33,3";"21,1";"22,0";"5,0";"10,6";"1,00";"5,9";"1,2";"71,9";"20,7";"79";"53,0";"59,8";"-4,9";"7,0";"19,4";"11,9";"6,3";"3,9";"6,5";"43,0";"1,1";"4,9";"7,0";"59,8";"5,4"
"09277";"Rottal-Inn";"Landkreis";"28,2";"24,0";"21,1";"5,2";"11,1";"1,00";"9,5";"1,0";"73,4";"15,3";"94";"53,7";"59,9";"1,2";"5,9";"21,8";"11,7";"6,5";"3,3";"7,2";"41,0";"2,2";"4,4";"5,9";"59,9";"6,6"
"09278";"Straubing-Bogen";"Landkreis";"26,9";"16,9";"19,3";"5,4";"11,7";"0,99";"6,9";"0,9";"77,9";"17,1";"83";"53,4";"62,7";"-8,6";"5,2";"22,8";"11,7";"7,8";"2,3";"6,6";"40,9";"1,8";"3,3";"5,2";"62,7";"6,1"
"09279";"Dingolfing-Landau";"Landkreis";"26,6";"22,3";"18,8";"5,3";"11,1";"0,94";"11,5";"0,9";"72,5";"18,3";"109";"51,1";"67,3";"-2,6";"3,2";"21,8";"14,7";"6,3";"2,3";"4,6";"40,1";"1,9";"3,3";"3,2";"67,3";"5,0"
"09361";"Amberg, Stadt";"krsfr. Stadt";"34,0";"38,5";"23,3";"4,9";"10,2";"1,03";"10,5";"2,4";"70,1";"14,9";"843";"48,6";"60,3";"-6,0";"6,2";"28,9";"14,5";"11,0";"8,2";"6,3";"40,6";"1,8";"9,9";"6,2";"60,3";"11,2"
"09362";"Regensburg, Stadt";"krsfr. Stadt";"34,2";"32,7";"17,2";"5,4";"9,0";"1,06";"15,8";"2,9";"76,0";"10,8";"1.866";"44,0";"58,6";"-2,1";"4,7";"40,5";"12,6";"28,9";"5,7";"4,1";"36,0";"3,0";"7,7";"4,7";"58,6";"19,8"
"09363";"Weiden i.d.OPf., Stadt";"krsfr. Stadt";"34,2";"29,4";"23,1";"5,0";"9,9";"1,07";"10,8";"2,7";"69,8";"14,6";"603";"49,8";"58,8";"2,4";"4,2";"31,6";"13,9";"11,1";"9,9";"4,8";"38,8";"2,0";"11,3";"4,2";"58,8";"8,1"
"09371";"Amberg-Sulzbach";"Landkreis";"29,3";"35,3";"20,8";"4,8";"10,9";"1,00";"5,4";"0,9";"78,5";"13,0";"82";"53,3";"63,1";"-10,2";"3,8";"12,2";"11,0";"7,6";"2,8";"5,2";"41,7";"1,4";"4,5";"3,8";"63,1";"6,9"
"09372";"Cham";"Landkreis";"32,0";"23,2";"20,8";"5,2";"10,7";"0,99";"5,4";"0,8";"73,5";"18,0";"84";"53,8";"62,2";"-3,3";"5,7";"20,0";"12,0";"6,4";"2,6";"5,8";"40,4";"1,0";"4,0";"5,7";"62,2";"5,9"
"09373";"Neumarkt i.d.OPf.";"Landkreis";"26,1";"30,3";"18,8";"5,6";"11,4";"0,98";"8,2";"0,8";"80,0";"12,0";"99";"51,4";"62,5";"1,7";"2,1";"23,8";"11,4";"9,0";"2,2";"6,3";"42,0";"1,7";"3,7";"2,1";"62,5";"8,4"
"09374";"Neustadt a.d.Waldnaab";"Landkreis";"29,8";"26,5";"20,7";"4,9";"11,0";"1,01";"4,5";"0,8";"78,6";"13,9";"66";"54,0";"61,4";"-2,6";"9,5";"19,1";"11,2";"6,7";"3,4";"5,9";"43,2";"1,6";"4,8";"9,5";"61,4";"6,2"
"09375";"Regensburg";"Landkreis";"26,6";"32,6";"19,0";"5,8";"11,5";"0,99";"8,1";"0,8";"79,7";"14,4";"138";"51,1";"63,3";"-0,3";"4,9";"12,6";"10,6";"12,6";"2,5";"6,1";"41,9";"2,2";"3,5";"4,9";"63,3";"8,7"
"09376";"Schwandorf";"Landkreis";"30,9";"29,5";"20,3";"5,2";"10,8";"0,99";"7,5";"1,1";"75,5";"16,8";"100";"50,2";"63,4";"1,2";"3,4";"27,6";"12,1";"6,9";"3,1";"7,2";"40,0";"1,7";"4,7";"3,4";"63,4";"6,5"
"09377";"Tirschenreuth";"Landkreis";"31,7";"33,1";"22,5";"4,9";"10,3";"1,01";"4,1";"0,9";"78,3";"12,3";"67";"52,3";"61,4";"-4,1";"3,2";"15,5";"11,2";"6,5";"3,5";"5,0";"43,8";"1,3";"5,0";"3,2";"61,4";"6,5"
"09461";"Bamberg, Stadt";"krsfr. Stadt";"33,1";"36,8";"19,2";"5,5";"9,0";"1,08";"14,2";"4,0";"75,6";"11,4";"1.413";"44,1";"52,4";"-44,2";"4,8";"56,1";"13,6";"24,8";"6,0";"4,7";"39,0";"2,2";"8,1";"4,8";"52,4";"14,8"
"09462";"Bayreuth, Stadt";"krsfr. Stadt";"33,7";"41,0";"21,5";"4,4";"8,4";"1,05";"11,1";"5,2";"72,8";"9,6";"1.106";"45,8";"52,7";"-62,4";"5,3";"43,0";"12,5";"20,4";"7,0";"3,9";"38,1";"2,8";"9,5";"5,3";"52,7";"14,4"
"09463";"Coburg, Stadt";"krsfr. Stadt";"33,1";"33,6";"23,5";"4,7";"9,4";"1,06";"10,6";"1,8";"73,5";"10,7";"854";"50,3";"62,5";"10,0";"9,1";"34,8";"11,6";"18,3";"8,3";"5,1";"37,5";"2,5";"10,0";"9,1";"62,5";"14,3"
"09464";"Hof, Stadt";"krsfr. Stadt";"34,4";"31,1";"23,9";"5,6";"10,1";"1,08";"16,4";"4,5";"69,8";"13,9";"792";"48,8";"57,9";"-7,0";"12,8";"32,7";"12,7";"12,2";"15,3";"8,0";"39,9";"3,8";"16,0";"12,8";"57,9";"9,6"
"09471";"Bamberg";"Landkreis";"25,9";"27,9";"18,7";"5,6";"11,4";"1,00";"4,7";"0,5";"80,8";"15,5";"126";"49,6";"65,0";"6,2";"5,2";"0,0";"11,6";"8,9";"2,2";"4,9";"39,6";"1,2";"3,0";"5,2";"65,0";"6,9"
"09472";"Bayreuth";"Landkreis";"29,9";"28,4";"22,1";"5,0";"11,0";"1,02";"3,6";"0,4";"79,3";"10,9";"82";"53,1";"63,4";"-4,1";"3,3";"11,5";"9,5";"7,9";"2,8";"5,4";"39,6";"1,5";"3,4";"3,3";"63,4";"6,2"
"09473";"Coburg";"Landkreis";"26,8";"28,3";"22,9";"5,1";"10,5";"1,02";"5,3";"0,7";"78,0";"12,0";"147";"51,5";"67,5";"7,4";"8,9";"20,7";"10,4";"8,3";"4,0";"7,1";"39,2";"1,9";"4,9";"8,9";"67,5";"6,0"
"09474";"Forchheim";"Landkreis";"24,2";"25,4";"20,0";"5,6";"11,2";"1,01";"6,5";"1,0";"81,3";"11,8";"180";"50,8";"64,5";"-8,8";"6,3";"29,2";"10,7";"13,6";"3,3";"6,9";"38,0";"1,5";"4,1";"6,3";"64,5";"12,8"
"09475";"Hof";"Landkreis";"31,2";"32,7";"25,6";"4,4";"10,2";"1,05";"5,5";"0,7";"77,8";"12,4";"107";"53,7";"62,0";"4,4";"5,5";"16,8";"9,5";"7,9";"4,0";"6,0";"42,8";"2,5";"4,7";"5,5";"62,0";"8,5"
"09476";"Kronach";"Landkreis";"27,1";"20,2";"23,9";"4,3";"9,9";"1,03";"4,7";"0,7";"76,5";"11,8";"104";"53,2";"64,9";"-9,1";"4,4";"29,3";"13,2";"7,0";"3,1";"5,6";"40,8";"1,7";"4,5";"4,4";"64,9";"7,1"
"09477";"Kulmbach";"Landkreis";"30,3";"25,2";"23,8";"4,3";"10,3";"1,03";"4,5";"0,8";"77,3";"11,4";"109";"53,3";"65,0";"15,2";"8,7";"30,1";"9,4";"8,3";"4,1";"5,9";"40,2";"1,5";"5,9";"8,7";"65,0";"8,3"
"09478";"Lichtenfels";"Landkreis";"29,5";"30,2";"22,2";"5,1";"10,3";"1,02";"5,3";"0,9";"75,6";"13,2";"128";"51,6";"65,7";"-5,9";"5,7";"25,9";"13,7";"7,1";"4,0";"5,2";"41,5";"1,8";"5,5";"5,7";"65,7";"8,0"
"09479";"Wunsiedel i.Fichtelgebirge";"Landkreis";"33,1";"27,1";"26,2";"4,6";"9,9";"1,05";"8,1";"1,5";"74,5";"13,8";"121";"53,3";"60,9";"19,0";"7,7";"28,6";"13,9";"7,5";"7,5";"6,5";"42,9";"1,9";"7,7";"7,7";"60,9";"7,8"
"09561";"Ansbach, Stadt";"krsfr. Stadt";"29,5";"40,2";"21,4";"5,7";"10,6";"1,09";"12,9";"3,1";"71,0";"13,2";"417";"47,5";"61,8";"10,9";"6,0";"40,1";"15,6";"12,2";"8,2";"5,9";"34,3";"1,5";"10,6";"6,0";"61,8";"12,5"
"09562";"Erlangen, Stadt";"krsfr. Stadt";"29,7";"35,7";"17,9";"5,7";"10,0";"1,01";"17,2";"1,9";"80,1";"8,0";"1.442";"45,1";"60,0";"-1,5";"4,9";"45,8";"12,6";"34,2";"5,2";"6,9";"35,1";"1,9";"6,8";"4,9";"60,0";"33,2"
"09563";"Fürth, Stadt";"krsfr. Stadt";"32,3";"37,3";"18,3";"6,0";"10,2";"1,04";"18,7";"1,8";"73,1";"11,9";"1.997";"42,3";"63,7";"14,2";"10,7";"26,6";"14,5";"17,5";"9,2";"6,0";"37,8";"2,0";"10,3";"10,7";"63,7";"14,5"
"09564";"Nürnberg, Stadt";"krsfr. Stadt";"35,3";"34,9";"20,2";"5,8";"10,0";"1,06";"21,9";"3,1";"73,7";"12,0";"2.763";"41,7";"61,5";"9,1";"8,4";"30,1";"14,8";"20,2";"10,6";"5,2";"35,3";"2,3";"12,8";"8,4";"61,5";"18,7"
"09565";"Schwabach, Stadt";"krsfr. Stadt";"26,4";"37,0";"21,8";"5,8";"11,1";"1,05";"12,1";"1,7";"76,3";"11,9";"1.000";"46,8";"62,3";"-23,6";"7,1";"34,5";"12,4";"13,9";"6,1";"6,5";"37,3";"1,8";"7,1";"7,1";"62,3";"9,2"
"09571";"Ansbach";"Landkreis";"26,9";"25,7";"19,8";"5,6";"11,5";"0,99";"8,1";"1,1";"77,3";"11,7";"93";"50,4";"64,2";"0,4";"6,7";"21,7";"12,5";"8,0";"2,1";"7,5";"38,8";"1,2";"3,9";"6,7";"64,2";"6,0"
"09572";"Erlangen-Höchstadt";"Landkreis";"20,4";"30,5";"20,2";"5,9";"11,7";"1,01";"8,2";"0,9";"82,6";"10,5";"240";"51,2";"65,7";"-22,8";"3,6";"35,5";"10,7";"19,5";"2,4";"7,1";"38,3";"1,6";"3,7";"3,6";"65,7";"17,6"
"09573";"Fürth";"Landkreis";"22,4";"30,8";"22,8";"5,7";"10,6";"1,06";"6,5";"1,0";"80,9";"12,1";"378";"50,3";"65,5";"-64,3";"5,0";"35,4";"10,1";"13,8";"2,6";"4,2";"38,1";"1,7";"3,3";"5,0";"65,5";"8,4"
"09574";"Nürnberger Land";"Landkreis";"21,2";"30,0";"22,2";"5,5";"10,9";"1,03";"8,6";"1,2";"81,8";"11,4";"212";"51,0";"63,7";"9,9";"6,6";"29,9";"10,8";"13,8";"3,3";"6,8";"38,1";"1,8";"4,5";"6,6";"63,7";"10,8"
"09575";"Neustadt a.d.Aisch-Bad Windsheim";"Landkreis";"27,9";"29,5";"20,6";"5,4";"11,3";"1,00";"7,5";"1,2";"77,5";"10,9";"79";"51,2";"63,9";"-11,1";"7,9";"25,2";"11,9";"8,1";"3,4";"9,8";"37,7";"1,2";"5,1";"7,9";"63,9";"6,0"
"09576";"Roth";"Landkreis";"24,9";"25,2";"20,6";"5,5";"11,2";"1,01";"6,9";"1,9";"80,2";"11,7";"141";"49,8";"63,7";"-9,5";"9,2";"22,4";"10,5";"10,3";"2,4";"4,8";"40,0";"1,9";"4,2";"9,2";"63,7";"7,2"
"09577";"Weißenburg-Gunzenhausen";"Landkreis";"28,9";"28,7";"21,6";"5,3";"11,3";"1,01";"8,8";"1,3";"74,4";"11,3";"97";"50,2";"62,9";"-0,4";"4,5";"24,1";"13,0";"7,9";"3,4";"7,9";"39,1";"1,5";"5,8";"4,5";"62,9";"7,0"
"09661";"Aschaffenburg, Stadt";"krsfr. Stadt";"31,4";"22,7";"20,7";"5,4";"10,5";"1,06";"15,9";"2,5";"72,6";"12,0";"1.120";"46,1";"60,6";"18,0";"3,8";"35,6";"13,8";"17,1";"9,5";"5,8";"35,5";"2,2";"11,4";"3,8";"60,6";"12,5"
"09662";"Schweinfurt, Stadt";"krsfr. Stadt";"34,2";"34,0";"23,8";"5,6";"10,3";"1,04";"17,7";"12,4";"68,5";"15,6";"1.497";"44,1";"58,7";"-43,7";"8,2";"37,6";"16,1";"12,0";"12,7";"7,0";"37,1";"2,2";"14,4";"8,2";"58,7";"12,1"
"09663";"Würzburg, Stadt";"krsfr. Stadt";"34,1";"34,7";"20,0";"4,8";"7,6";"1,09";"11,2";"2,2";"76,9";"8,0";"1.446";"46,2";"56,7";"-36,7";"5,1";"46,9";"12,0";"27,9";"6,7";"4,4";"35,9";"3,1";"10,1";"5,1";"56,7";"18,2"
"09671";"Aschaffenburg";"Landkreis";"24,8";"19,4";"21,1";"5,2";"11,0";"1,01";"9,1";"1,0";"80,3";"11,5";"249";"51,1";"62,2";"-0,5";"3,4";"22,4";"10,5";"11,9";"3,9";"8,6";"36,6";"2,0";"4,2";"3,4";"62,2";"10,2"
"09672";"Bad Kissingen";"Landkreis";"29,3";"29,2";"24,1";"4,9";"10,5";"1,03";"5,3";"1,0";"78,1";"11,4";"91";"52,8";"62,5";"-6,3";"7,4";"29,7";"11,0";"8,3";"3,7";"6,3";"41,5";"2,3";"5,6";"7,4";"62,5";"7,3"
"09673";"Rhön-Grabfeld";"Landkreis";"30,4";"25,3";"21,7";"5,3";"11,2";"1,01";"4,6";"0,8";"77,7";"10,4";"78";"53,6";"63,6";"-15,7";"5,5";"23,6";"11,1";"8,9";"3,0";"6,0";"42,7";"1,7";"4,6";"5,5";"63,6";"9,5"
"09674";"Haßberge";"Landkreis";"28,1";"19,1";"20,4";"5,4";"11,1";"0,99";"4,5";"0,9";"80,2";"12,9";"88";"51,6";"63,4";"-3,9";"4,2";"25,8";"12,1";"6,9";"2,9";"8,3";"40,0";"1,4";"4,6";"4,2";"63,4";"7,0"
"09675";"Kitzingen";"Landkreis";"28,8";"27,7";"20,4";"5,5";"10,9";"0,99";"8,6";"1,0";"78,6";"10,9";"132";"49,5";"62,6";"5,2";"3,1";"38,4";"11,7";"9,1";"3,0";"8,0";"40,8";"1,4";"4,5";"3,1";"62,6";"9,5"
"09676";"Miltenberg";"Landkreis";"25,6";"19,7";"21,0";"5,3";"11,2";"1,01";"10,8";"1,0";"78,6";"11,3";"180";"50,2";"62,6";"-7,7";"5,4";"25,6";"13,6";"8,6";"3,6";"6,8";"38,5";"1,7";"4,6";"5,4";"62,6";"8,0"
"09677";"Main-Spessart";"Landkreis";"24,5";"22,6";"22,5";"5,0";"10,5";"1,01";"6,6";"0,8";"80,3";"10,4";"96";"53,3";"65,3";"-0,1";"3,0";"27,8";"11,5";"9,0";"2,7";"8,5";"40,1";"1,9";"3,8";"3,0";"65,3";"10,2"
"09678";"Schweinfurt";"Landkreis";"26,2";"29,0";"21,4";"5,4";"10,9";"1,00";"5,5";"0,7";"81,1";"12,0";"137";"51,3";"64,5";"2,7";"10,3";"0,0";"10,6";"9,1";"2,6";"6,7";"40,6";"1,9";"3,7";"10,3";"64,5";"6,3"
"09679";"Würzburg";"Landkreis";"26,8";"18,3";"20,9";"5,5";"11,0";"1,01";"6,0";"0,8";"83,3";"9,1";"167";"51,8";"62,1";"-17,5";"9,3";"11,1";"9,2";"13,4";"2,7";"5,8";"39,9";"2,4";"3,4";"9,3";"62,1";"11,5"
"09761";"Augsburg, Stadt";"krsfr. Stadt";"36,6";"28,5";"19,5";"5,6";"9,6";"1,04";"21,0";"3,3";"71,8";"13,6";"1.994";"39,5";"59,0";"3,1";"6,8";"31,8";"14,6";"19,7";"7,2";"5,9";"38,8";"2,5";"9,1";"6,8";"59,0";"17,9"
"09762";"Kaufbeuren, Stadt";"krsfr. Stadt";"31,9";"34,7";"22,9";"5,6";"10,9";"1,03";"14,7";"1,7";"71,2";"14,0";"1.086";"43,5";"62,3";"10,0";"6,3";"32,1";"14,4";"10,1";"6,6";"4,9";"39,8";"1,8";"9,9";"6,3";"62,3";"10,6"
"09763";"Kempten (Allgäu), Stadt";"krsfr. Stadt";"31,8";"31,5";"22,2";"5,4";"10,1";"1,02";"15,9";"1,6";"71,5";"13,4";"1.080";"42,0";"60,9";"10,0";"7,5";"23,6";"14,9";"13,6";"5,5";"4,1";"36,1";"1,8";"8,3";"7,5";"60,9";"12,8"
"09764";"Memmingen, Stadt";"krsfr. Stadt";"27,3";"26,9";"21,6";"5,8";"10,9";"1,02";"17,8";"1,7";"72,7";"15,3";"620";"43,6";"63,2";"18,5";"8,9";"24,3";"16,4";"10,2";"4,2";"5,9";"39,6";"1,7";"6,4";"8,9";"63,2";"8,7"
"09771";"Aichach-Friedberg";"Landkreis";"18,3";"25,0";"19,6";"6,1";"11,8";"1,00";"8,0";"0,9";"80,4";"14,3";"170";"49,7";"62,3";"5,1";"6,0";"16,9";"9,2";"12,3";"2,2";"7,3";"38,5";"2,1";"2,9";"6,0";"62,3";"7,9"
"09772";"Augsburg";"Landkreis";"19,6";"24,6";"20,3";"5,9";"11,6";"1,01";"9,2";"1,0";"78,5";"13,8";"233";"48,4";"61,8";"9,3";"5,6";"20,5";"10,5";"12,0";"3,0";"5,6";"38,0";"2,0";"3,7";"5,6";"61,8";"7,8"
"09773";"Dillingen a.d.Donau";"Landkreis";"24,5";"31,1";"19,9";"5,4";"11,7";"1,00";"8,9";"1,6";"75,1";"16,6";"120";"48,9";"64,5";"-4,1";"5,9";"27,1";"14,0";"7,2";"3,4";"7,6";"40,2";"1,0";"5,1";"5,9";"64,5";"7,0"
"09774";"Günzburg";"Landkreis";"25,4";"27,7";"19,2";"5,5";"11,6";"0,98";"12,4";"1,1";"73,9";"16,0";"163";"48,4";"64,9";"6,2";"6,6";"28,7";"13,7";"8,4";"2,4";"7,7";"41,3";"1,3";"4,6";"6,6";"64,9";"8,0"
"09775";"Neu-Ulm";"Landkreis";"24,9";"28,3";"20,1";"5,6";"11,4";"1,02";"14,1";"1,1";"76,0";"14,2";"334";"46,7";"64,1";"11,6";"7,9";"24,6";"13,7";"13,1";"3,4";"6,0";"37,2";"1,6";"4,5";"7,9";"64,1";"10,0"
"09776";"Lindau (Bodensee)";"Landkreis";"27,3";"32,9";"22,5";"5,3";"11,3";"1,03";"12,9";"1,1";"77,7";"9,0";"251";"49,6";"60,0";"4,6";"4,9";"29,5";"12,1";"14,2";"3,0";"6,1";"33,1";"1,9";"4,4";"4,9";"60,0";"15,0"
"09777";"Ostallgäu";"Landkreis";"26,8";"26,2";"21,0";"5,8";"11,8";"1,01";"8,4";"1,0";"79,3";"11,5";"100";"50,8";"61,6";"7,9";"3,9";"20,1";"10,4";"9,8";"2,5";"7,6";"39,9";"1,8";"3,3";"3,9";"61,6";"8,1"
"09778";"Unterallgäu";"Landkreis";"24,3";"30,7";"21,0";"5,7";"11,5";"0,99";"8,8";"0,9";"77,5";"15,3";"116";"50,9";"63,9";"3,3";"3,4";"23,0";"11,3";"8,6";"1,7";"6,4";"44,4";"1,5";"2,7";"3,4";"63,9";"8,6"
"09779";"Donau-Ries";"Landkreis";"24,2";"24,9";"19,6";"5,6";"11,7";"0,97";"9,2";"1,3";"78,1";"13,2";"104";"49,7";"64,5";"-31,2";"4,3";"20,3";"12,0";"8,7";"1,8";"5,9";"42,8";"0,9";"3,2";"4,3";"64,5";"9,7"
"09780";"Oberallgäu";"Landkreis";"27,9";"27,6";"22,5";"5,5";"10,8";"1,03";"8,4";"0,9";"79,6";"10,3";"101";"51,2";"62,0";"8,8";"5,0";"19,4";"9,9";"10,9";"2,4";"4,9";"38,1";"1,9";"3,0";"5,0";"62,0";"9,3"
"10041";"Regionalverband Saarbrücken";"Landkreis";"36,2";"26,5";"22,7";"5,0";"9,7";"1,04";"13,9";"0,0";"73,1";"10,0";"803";"49,8";"53,6";"-2,7";"6,8";"35,5";"14,0";"16,1";"17,1";"6,3";"37,8";"2,4";"17,4";"6,8";"53,6";"14,9"
"10042";"Merzig-Wadern";"Landkreis";"31,8";"30,5";"22,2";"4,6";"10,8";"1,02";"11,1";"0,0";"76,6";"9,3";"186";"57,9";"50,6";"-1,6";"8,0";"34,0";"13,3";"8,9";"6,8";"7,7";"39,9";"1,5";"8,2";"8,0";"50,6";"8,9"
"10043";"Neunkirchen";"Landkreis";"33,6";"26,8";"24,1";"4,7";"9,6";"1,04";"9,2";"0,0";"73,5";"10,9";"534";"53,5";"57,6";"-15,4";"7,1";"29,8";"13,2";"9,3";"12,5";"7,1";"38,6";"1,8";"13,4";"7,1";"57,6";"8,9"
"10044";"Saarlouis";"Landkreis";"31,5";"18,9";"23,6";"4,9";"9,9";"1,04";"9,8";"13,1";"75,8";"10,1";"426";"55,5";"57,8";"-16,3";"5,8";"30,6";"13,8";"9,8";"8,7";"6,8";"40,4";"1,5";"9,6";"5,8";"57,8";"7,3"
"10045";"Saarpfalz-Kreis";"Landkreis";"31,5";"23,5";"24,6";"4,6";"9,8";"1,06";"8,8";"0,0";"77,2";"11,3";"343";"55,2";"59,3";"-23,8";"6,3";"38,2";"12,6";"14,0";"8,5";"6,9";"40,3";"1,9";"8,9";"6,3";"59,3";"11,6"
"10046";"St. Wendel";"Landkreis";"25,9";"20,3";"24,0";"4,3";"9,8";"1,02";"5,1";"0,0";"79,9";"8,3";"185";"58,6";"59,0";"-10,3";"6,6";"33,1";"11,2";"10,4";"5,9";"8,6";"40,8";"1,2";"6,8";"6,6";"59,0";"8,8"
"11000";"Berlin, Stadt";"krsfr. Stadt";"40,3";"21,3";"19,2";"6,2";"10,0";"1,03";"17,6";"2,5";"74,7";"12,0";"4.055";"39,2";"53,7";"18,2";"9,6";"47,6";"11,1";"26,9";"18,0";"6,4";"35,0";"5,9";"18,9";"9,6";"53,7";"25,1"
"12051";"Brandenburg an der Havel, Stadt";"krsfr. Stadt";"39,0";"20,5";"27,3";"5,1";"8,7";"1,02";"4,8";"2,2";"64,7";"17,3";"313";"42,5";"61,5";"16,4";"8,4";"38,7";"7,8";"11,5";"17,2";"3,4";"39,1";"2,7";"16,4";"8,4";"61,5";"11,6"
"12052";"Cottbus, Stadt";"krsfr. Stadt";"36,8";"25,7";"24,7";"5,2";"9,1";"1,03";"8,1";"4,9";"71,7";"24,3";"610";"41,1";"57,7";"-26,5";"8,6";"50,1";"7,1";"18,3";"17,0";"3,8";"39,2";"4,3";"16,1";"8,6";"57,7";"16,7"
"12053";"Frankfurt (Oder), Stadt";"krsfr. Stadt";"39,1";"27,3";"25,2";"4,8";"9,5";"1,07";"9,8";"2,4";"68,2";"21,9";"394";"40,1";"57,9";"-17,7";"6,3";"56,9";"6,9";"13,9";"17,3";"3,9";"38,1";"3,4";"17,4";"6,3";"57,9";"15,5"
"12054";"Potsdam, Stadt";"krsfr. Stadt";"34,8";"23,1";"19,6";"6,6";"10,9";"1,07";"8,0";"2,3";"78,1";"12,8";"933";"39,3";"59,2";"36,8";"4,5";"57,9";"7,3";"27,3";"9,7";"4,3";"37,5";"4,3";"10,3";"4,5";"59,2";"26,2"
"12060";"Barnim";"Landkreis";"34,9";"18,3";"23,3";"5,3";"10,7";"1,02";"3,8";"1,1";"73,4";"20,6";"122";"44,6";"62,9";"20,2";"6,8";"39,8";"6,6";"12,6";"9,1";"3,8";"41,3";"3,9";"9,8";"6,8";"62,9";"11,0"
"12061";"Dahme-Spreewald";"Landkreis";"34,6";"17,7";"23,8";"5,4";"10,3";"1,02";"4,4";"1,1";"75,2";"21,4";"74";"45,1";"64,1";"22,3";"4,8";"45,5";"6,3";"13,3";"7,0";"4,0";"39,2";"4,7";"7,5";"4,8";"64,1";"11,7"
"12062";"Elbe-Elster";"Landkreis";"37,1";"14,7";"27,4";"4,5";"9,4";"1,01";"2,8";"1,2";"73,1";"24,2";"54";"47,8";"62,5";"11,4";"8,4";"33,2";"4,6";"8,9";"11,0";"3,2";"41,7";"3,7";"11,4";"8,4";"62,5";"8,5"
"12063";"Havelland";"Landkreis";"35,4";"17,2";"22,1";"5,3";"11,3";"1,02";"4,0";"1,2";"72,8";"18,0";"93";"45,2";"61,7";"17,9";"6,1";"46,7";"7,8";"11,7";"8,1";"3,9";"40,4";"3,7";"8,7";"6,1";"61,7";"8,9"
"12064";"Märkisch-Oderland";"Landkreis";"36,8";"16,6";"23,5";"5,2";"10,4";"1,02";"2,8";"0,9";"72,8";"20,8";"89";"45,6";"61,2";"27,0";"7,3";"35,4";"6,5";"11,5";"9,0";"3,4";"41,0";"3,8";"9,7";"7,3";"61,2";"10,2"
"12065";"Oberhavel";"Landkreis";"34,7";"17,3";"22,5";"5,3";"11,2";"1,03";"3,6";"1,3";"73,9";"19,3";"116";"43,7";"61,5";"16,1";"7,0";"41,0";"7,3";"12,4";"7,9";"3,5";"40,6";"4,0";"8,0";"7,0";"61,5";"12,9"
"12066";"Oberspreewald-Lausitz";"Landkreis";"37,1";"21,6";"28,3";"4,7";"9,2";"1,03";"3,2";"1,2";"70,7";"25,9";"91";"45,6";"62,9";"3,5";"8,7";"29,6";"5,6";"10,6";"13,8";"3,1";"41,0";"3,9";"13,1";"8,7";"62,9";"12,4"
"12067";"Oder-Spree";"Landkreis";"36,0";"15,4";"25,8";"5,0";"10,0";"1,04";"3,9";"2,7";"71,7";"22,1";"79";"45,6";"62,7";"-93,5";"8,8";"36,8";"6,0";"11,9";"10,3";"3,1";"0,0";"3,3";"10,7";"8,8";"62,7";"11,0"
"12068";"Ostprignitz-Ruppin";"Landkreis";"38,2";"14,2";"24,7";"4,9";"9,8";"1,01";"3,5";"1,5";"67,1";"18,5";"39";"47,0";"60,6";"11,9";"9,7";"35,7";"7,4";"8,8";"11,6";"3,2";"42,7";"3,0";"12,7";"9,7";"60,6";"10,7"
"12069";"Potsdam-Mittelmark";"Landkreis";"32,3";"21,5";"21,9";"5,3";"11,9";"1,02";"4,0";"0,9";"76,8";"15,4";"82";"46,0";"62,4";"4,5";"5,0";"52,3";"6,7";"16,9";"4,9";"3,8";"41,0";"4,2";"5,8";"5,0";"62,4";"13,1"
"12070";"Prignitz";"Landkreis";"38,4";"16,0";"27,4";"4,6";"9,1";"1,01";"4,2";"1,8";"68,5";"18,3";"36";"49,8";"61,2";"-4,9";"10,6";"34,8";"6,5";"7,2";"13,8";"3,9";"41,2";"2,9";"14,3";"10,6";"61,2";"7,4"
"12071";"Spree-Neiße";"Landkreis";"36,5";"20,4";"27,0";"4,4";"9,5";"1,03";"3,2";"0,0";"73,7";"28,9";"70";"47,8";"62,8";"-6,6";"7,6";"39,2";"6,0";"10,4";"10,5";"3,5";"42,4";"3,8";"10,8";"7,6";"62,8";"8,6"
"12072";"Teltow-Fläming";"Landkreis";"35,9";"21,6";"22,3";"5,4";"10,7";"1,01";"4,8";"1,3";"72,4";"20,0";"79";"44,7";"64,6";"36,7";"9,0";"36,5";"7,7";"10,3";"7,8";"4,5";"40,5";"3,6";"8,6";"9,0";"64,6";"12,3"
"12073";"Uckermark";"Landkreis";"39,4";"11,1";"27,0";"4,6";"9,8";"1,04";"4,0";"1,4";"68,3";"20,8";"39";"46,5";"58,2";"-3,9";"11,1";"31,9";"6,3";"9,0";"17,3";"3,1";"41,2";"4,4";"16,5";"11,1";"58,2";"9,7"
"13003";"Rostock, Stadt";"krsfr. Stadt";"44,1";"25,2";"23,5";"5,3";"8,7";"1,03";"5,9";"1,9";"71,5";"14,7";"1.149";"38,2";"58,0";"-28,2";"9,9";"45,6";"7,8";"20,4";"14,2";"3,6";"37,3";"4,3";"15,1";"9,9";"58,0";"19,1"
"13004";"Schwerin, Stadt";"krsfr. Stadt";"39,5";"27,0";"25,1";"5,5";"10,1";"1,08";"8,8";"4,1";"71,8";"15,6";"734";"42,4";"59,2";"-12,3";"10,3";"48,5";"6,9";"16,4";"17,3";"5,1";"39,2";"2,5";"17,4";"10,3";"59,2";"16,6"
"13071";"Mecklenburgische Seenplatte";"Landkreis";"41,0";"19,4";"25,0";"4,9";"10,1";"1,04";"3,1";"1,3";"68,4";"19,6";"47";"45,6";"59,6";"3,2";"9,8";"37,7";"6,2";"11,0";"14,0";"3,7";"41,5";"3,4";"14,7";"9,8";"59,6";"11,2"
"13072";"Landkreis Rostock";"Landkreis";"40,1";"21,2";"23,2";"5,3";"10,8";"1,01";"3,0";"1,1";"72,0";"18,2";"63";"46,0";"60,6";"25,0";"8,3";"31,4";"5,4";"12,2";"9,0";"4,1";"40,5";"3,3";"10,2";"8,3";"60,6";"10,7"
"13073";"Vorpommern-Rügen";"Landkreis";"42,2";"16,7";"25,4";"4,8";"9,8";"1,03";"3,9";"1,2";"68,6";"20,5";"70";"46,3";"59,3";"1,6";"6,5";"28,8";"5,9";"9,8";"12,5";"3,5";"41,5";"4,7";"12,7";"6,5";"59,3";"9,9"
"13074";"Nordwestmecklenburg";"Landkreis";"39,8";"22,0";"22,9";"5,1";"10,6";"1,01";"3,4";"1,1";"69,7";"17,0";"74";"45,0";"62,1";"-3,3";"9,8";"34,8";"7,0";"10,6";"9,3";"4,0";"39,7";"2,2";"10,4";"9,8";"62,1";"11,6"
"13075";"Vorpommern-Greifswald";"Landkreis";"42,0";"20,6";"24,5";"4,9";"9,7";"1,04";"4,1";"1,1";"68,9";"22,7";"60";"46,0";"56,9";"-15,1";"9,1";"34,3";"7,1";"12,6";"13,3";"4,1";"41,9";"4,9";"14,0";"9,1";"56,9";"12,6"
"13076";"Ludwigslust-Parchim";"Landkreis";"38,2";"21,2";"23,1";"5,1";"10,2";"1,00";"4,6";"1,2";"71,0";"17,7";"45";"46,7";"64,5";"-9,9";"8,3";"32,4";"6,6";"8,4";"8,8";"4,4";"41,5";"2,7";"10,2";"8,3";"64,5";"8,0"
"14511";"Chemnitz, Stadt";"krsfr. Stadt";"41,4";"25,4";"27,6";"5,5";"9,4";"1,03";"7,4";"3,0";"74,5";"24,3";"1.117";"42,5";"61,6";"-23,3";"13,0";"33,5";"6,5";"20,9";"12,6";"4,6";"40,8";"3,4";"11,9";"13,0";"61,6";"19,5"
"14521";"Erzgebirgskreis";"Landkreis";"39,7";"21,8";"28,8";"4,9";"10,3";"1,04";"1,9";"0,8";"74,5";"28,9";"186";"43,8";"67,3";"-9,1";"6,8";"26,7";"5,3";"10,6";"6,9";"3,2";"41,8";"2,3";"7,4";"6,8";"67,3";"10,3"
"14522";"Mittelsachsen";"Landkreis";"38,3";"24,8";"27,6";"5,0";"10,0";"1,01";"3,1";"0,9";"74,2";"30,4";"146";"45,0";"66,4";"-19,8";"9,6";"30,9";"5,1";"12,8";"7,5";"3,8";"41,8";"3,1";"7,8";"9,6";"66,4";"13,1"
"14523";"Vogtlandkreis";"Landkreis";"39,8";"31,4";"29,5";"4,7";"9,6";"1,05";"3,3";"1,2";"73,0";"26,4";"163";"47,5";"65,4";"0,2";"5,7";"31,6";"5,7";"12,0";"8,3";"3,7";"41,9";"3,0";"8,4";"5,7";"65,4";"11,6"
"14524";"Zwickau";"Landkreis";"39,4";"26,4";"28,8";"4,9";"9,7";"1,05";"3,1";"1,1";"72,2";"26,0";"337";"45,2";"67,4";"-12,6";"7,7";"34,9";"5,8";"12,8";"8,6";"3,9";"40,8";"2,5";"8,6";"7,7";"67,4";"12,2"
"14612";"Dresden, Stadt";"krsfr. Stadt";"40,3";"25,6";"21,8";"6,6";"10,0";"1,01";"7,0";"1,8";"78,4";"22,5";"1.678";"38,6";"62,6";"-19,4";"7,8";"41,1";"6,7";"30,2";"10,0";"3,5";"37,9";"4,0";"10,0";"7,8";"62,6";"27,1"
"14625";"Bautzen";"Landkreis";"37,3";"20,1";"26,9";"5,3";"10,6";"1,03";"2,0";"0,8";"74,6";"32,5";"126";"44,3";"66,3";"1,0";"6,7";"32,7";"5,4";"12,9";"8,0";"3,6";"41,8";"3,1";"8,4";"6,7";"66,3";"12,4"
"14626";"Görlitz";"Landkreis";"38,9";"20,6";"29,1";"4,9";"10,0";"1,04";"4,2";"0,9";"72,2";"32,9";"122";"48,2";"61,5";"-4,9";"8,8";"28,9";"5,6";"12,3";"12,4";"4,1";"43,6";"4,4";"12,1";"8,8";"61,5";"13,0"
"14627";"Meißen";"Landkreis";"38,5";"19,0";"27,0";"5,2";"10,7";"1,03";"2,9";"1,0";"75,0";"32,9";"167";"45,1";"65,8";"-4,3";"7,4";"29,3";"5,2";"14,7";"8,5";"3,7";"41,3";"3,1";"8,6";"7,4";"65,8";"13,3"
"14628";"Sächsische Schweiz-Osterzgebirge";"Landkreis";"38,3";"25,4";"27,1";"5,5";"10,9";"1,03";"2,6";"0,8";"76,2";"35,5";"148";"43,7";"66,8";"-1,3";"10,2";"28,7";"5,7";"13,6";"8,1";"3,8";"39,8";"2,9";"8,0";"10,2";"66,8";"13,6"
"14713";"Leipzig, Stadt";"krsfr. Stadt";"43,6";"27,4";"20,5";"6,5";"9,3";"1,04";"9,0";"2,5";"74,4";"18,3";"1.954";"40,5";"59,2";"24,7";"9,7";"40,1";"7,3";"26,9";"13,8";"4,6";"39,8";"4,8";"13,8";"9,7";"59,2";"22,8"
"14729";"Leipzig";"Landkreis";"37,8";"25,2";"26,1";"5,1";"10,5";"1,04";"2,3";"0,9";"73,9";"26,9";"156";"46,0";"65,6";"11,1";"5,9";"30,0";"5,5";"13,6";"8,7";"3,3";"40,5";"3,7";"8,7";"5,9";"65,6";"11,6"
"14730";"Nordsachsen";"Landkreis";"38,3";"24,6";"25,2";"5,1";"10,3";"1,01";"3,7";"1,1";"71,1";"26,9";"98";"45,9";"65,7";"-10,8";"8,9";"31,5";"6,1";"10,7";"10,3";"4,0";"42,2";"4,2";"10,4";"8,9";"65,7";"11,2"
"15001";"Dessau-Roßlau, Stadt";"krsfr. Stadt";"40,5";"31,4";"30,8";"4,6";"8,7";"1,06";"5,5";"2,5";"68,8";"20,1";"335";"46,6";"63,3";"-11,3";"10,7";"37,6";"5,9";"14,0";"15,3";"4,6";"40,2";"4,2";"14,0";"10,7";"63,3";"14,8"
"15002";"Halle (Saale), Stadt";"krsfr. Stadt";"42,8";"24,8";"23,9";"5,7";"9,8";"1,07";"9,1";"3,6";"69,7";"17,1";"1.771";"41,2";"56,5";"-27,6";"11,6";"37,9";"8,3";"21,4";"19,2";"6,4";"39,5";"3,9";"17,6";"11,6";"56,5";"21,2"
"15003";"Magdeburg, Stadt";"krsfr. Stadt";"41,8";"34,1";"24,1";"5,6";"9,3";"1,03";"8,6";"2,9";"68,6";"15,7";"1.186";"41,8";"60,5";"-27,1";"10,5";"38,5";"7,4";"20,9";"16,7";"5,1";"40,2";"3,1";"15,7";"10,5";"60,5";"18,6"
"15081";"Altmarkkreis Salzwedel";"Landkreis";"38,0";"27,7";"23,6";"5,1";"10,3";"1,00";"3,6";"1,3";"66,9";"15,6";"37";"50,5";"66,4";"-2,0";"9,3";"29,7";"6,7";"8,5";"10,2";"3,7";"44,0";"2,4";"10,9";"9,3";"66,4";"8,4"
"15082";"Anhalt-Bitterfeld";"Landkreis";"39,6";"21,3";"27,3";"4,5";"9,1";"1,04";"3,5";"1,0";"66,1";"22,4";"111";"47,4";"63,1";"-12,0";"11,2";"27,5";"5,7";"9,6";"13,6";"3,9";"42,3";"3,9";"13,0";"11,2";"63,1";"11,0"
"15083";"Börde";"Landkreis";"38,4";"26,9";"23,1";"5,2";"10,2";"1,00";"3,1";"1,2";"66,7";"18,8";"73";"48,3";"67,2";"20,6";"7,0";"29,0";"6,1";"9,1";"8,3";"3,8";"41,6";"2,3";"9,2";"7,0";"67,2";"9,1"
"15084";"Burgenlandkreis";"Landkreis";"40,8";"24,5";"27,3";"4,7";"9,2";"1,01";"5,1";"1,3";"66,9";"24,3";"129";"46,4";"64,8";"-2,1";"10,5";"31,4";"5,7";"8,9";"13,2";"3,5";"42,1";"5,5";"12,6";"10,5";"64,8";"9,6"
"15085";"Harz";"Landkreis";"38,6";"27,2";"27,5";"4,6";"9,4";"1,04";"3,0";"0,8";"65,9";"16,5";"103";"48,7";"64,2";"-61,6";"8,0";"29,8";"5,6";"9,7";"10,5";"3,0";"41,8";"2,1";"10,8";"8,0";"64,2";"9,7"
"15086";"Jerichower Land";"Landkreis";"40,0";"32,2";"25,2";"5,0";"9,7";"1,01";"3,4";"1,1";"67,7";"19,0";"57";"49,8";"63,2";"0,0";"14,0";"23,3";"5,6";"10,2";"10,5";"4,3";"42,6";"3,1";"10,6";"14,0";"63,2";"8,3"
"15087";"Mansfeld-Südharz";"Landkreis";"40,8";"22,2";"28,9";"4,3";"9,2";"1,03";"2,9";"1,4";"65,7";"23,9";"95";"47,4";"61,1";"-16,8";"11,7";"21,6";"6,5";"8,6";"15,4";"4,3";"41,5";"4,1";"14,4";"11,7";"61,1";"8,4"
"15088";"Saalekreis";"Landkreis";"39,0";"17,8";"25,1";"5,0";"10,1";"1,02";"3,5";"1,4";"69,0";"24,0";"129";"46,7";"66,1";"10,6";"8,7";"27,4";"6,0";"11,2";"11,6";"4,7";"41,2";"4,2";"11,2";"8,7";"66,1";"10,3"
"15089";"Salzlandkreis";"Landkreis";"41,2";"30,6";"27,4";"4,6";"9,3";"1,04";"3,1";"1,1";"63,3";"20,4";"135";"47,6";"61,4";"-4,8";"10,9";"19,5";"6,7";"8,6";"14,5";"4,0";"42,9";"3,1";"14,6";"10,9";"61,4";"9,7"
"15090";"Stendal";"Landkreis";"39,9";"26,9";"24,8";"4,8";"10,1";"1,02";"3,7";"1,4";"65,9";"17,7";"47";"50,3";"59,0";"-12,3";"10,3";"31,6";"6,3";"10,3";"15,0";"4,8";"42,8";"3,4";"15,0";"10,3";"59,0";"10,4"
"15091";"Wittenberg";"Landkreis";"39,3";"20,5";"28,0";"4,5";"9,3";"1,03";"3,2";"1,2";"68,8";"19,9";"66";"48,3";"65,3";"8,0";"10,7";"27,5";"5,4";"8,9";"11,9";"3,9";"42,7";"4,1";"11,3";"10,7";"65,3";"8,9"
"16051";"Erfurt, Stadt";"krsfr. Stadt";"40,4";"24,2";"21,9";"5,8";"9,8";"1,05";"7,4";"2,5";"74,7";"18,5";"789";"39,5";"59,8";"-4,5";"11,8";"38,2";"7,2";"20,7";"12,3";"4,9";"37,2";"3,8";"12,7";"11,8";"59,8";"18,2"
"16052";"Gera, Stadt";"krsfr. Stadt";"41,4";"23,5";"28,4";"5,0";"9,1";"1,07";"5,8";"3,0";"71,3";"28,5";"623";"45,3";"60,9";"-48,5";"9,4";"35,5";"5,3";"12,1";"16,8";"4,3";"41,5";"4,7";"15,2";"9,4";"60,9";"12,0"
"16053";"Jena, Stadt";"krsfr. Stadt";"36,2";"28,2";"21,1";"5,9";"9,5";"1,00";"8,9";"2,3";"78,4";"14,4";"968";"39,4";"56,0";"-36,3";"3,1";"57,3";"5,8";"38,4";"8,4";"4,3";"38,8";"3,9";"9,2";"3,1";"56,0";"31,9"
"16054";"Suhl, Stadt";"krsfr. Stadt";"37,0";"20,5";"31,5";"4,4";"7,9";"1,05";"7,0";"1,1";"70,8";"19,9";"341";"44,2";"64,4";"-208,1";"8,7";"23,5";"6,1";"13,6";"8,0";"3,3";"39,4";"2,7";"8,2";"8,7";"64,4";"14,1"
"16055";"Weimar, Stadt";"krsfr. Stadt";"38,9";"24,3";"22,8";"5,8";"10,4";"1,06";"8,2";"2,3";"74,9";"16,1";"763";"41,6";"56,2";"-45,1";"9,3";"47,9";"6,8";"26,6";"11,0";"4,5";"38,1";"3,9";"11,4";"9,3";"56,2";"24,2"
"16056";"Eisenach, Stadt";"krsfr. Stadt";"37,4";"24,9";"25,6";"5,1";"10,1";"1,03";"7,9";"3,0";"72,0";"19,0";"410";"43,2";"64,2";"1,6";"16,7";"35,6";"8,5";"13,0";"12,4";"5,7";"38,8";"2,9";"12,7";"16,7";"64,2";"10,3"
"16061";"Eichsfeld";"Landkreis";"36,0";"17,1";"23,1";"5,8";"11,2";"0,99";"3,3";"1,3";"75,9";"18,2";"107";"44,8";"66,7";"-11,8";"6,0";"36,0";"6,1";"8,4";"5,3";"4,9";"42,9";"2,3";"6,4";"6,0";"66,7";"8,0"
"16062";"Nordhausen";"Landkreis";"40,5";"25,9";"25,8";"5,0";"9,9";"1,02";"4,2";"1,5";"68,8";"21,1";"119";"45,1";"62,2";"-21,2";"8,6";"29,8";"6,7";"10,5";"11,6";"5,1";"41,4";"2,6";"11,5";"8,6";"62,2";"10,0"
"16063";"Wartburgkreis";"Landkreis";"35,4";"19,2";"24,9";"5,2";"10,0";"1,00";"2,8";"0,8";"73,8";"22,5";"95";"46,5";"69,2";"-8,8";"6,1";"25,1";"5,5";"8,5";"5,2";"5,0";"42,4";"2,0";"5,9";"6,1";"69,2";"9,2"
"16064";"Unstrut-Hainich-Kreis";"Landkreis";"39,1";"21,1";"24,5";"5,3";"10,7";"1,01";"3,5";"1,5";"70,6";"23,2";"106";"46,5";"64,6";"5,7";"10,9";"35,3";"5,4";"9,2";"10,7";"5,7";"41,1";"2,9";"11,1";"10,9";"64,6";"9,8"
"16065";"Kyffhäuserkreis";"Landkreis";"39,8";"19,7";"26,5";"4,7";"9,8";"1,01";"2,8";"1,2";"70,4";"25,0";"73";"49,0";"61,4";"-5,4";"8,5";"25,7";"6,2";"7,9";"12,3";"4,5";"43,9";"3,6";"11,8";"8,5";"61,4";"8,8"
"16066";"Schmalkalden-Meiningen";"Landkreis";"36,9";"18,5";"25,9";"4,9";"9,3";"1,00";"3,2";"0,9";"72,2";"21,6";"102";"46,5";"66,8";"-15,7";"9,9";"28,9";"5,4";"10,9";"5,9";"4,6";"42,1";"2,3";"6,4";"9,9";"66,8";"10,2"
"16067";"Gotha";"Landkreis";"37,4";"20,4";"24,8";"5,2";"10,2";"1,01";"5,4";"1,1";"72,4";"23,2";"145";"44,6";"66,1";"6,2";"8,0";"33,6";"6,4";"10,0";"8,6";"5,0";"40,3";"3,2";"8,9";"8,0";"66,1";"9,8"
"16068";"Sömmerda";"Landkreis";"38,0";"14,8";"23,8";"5,2";"10,4";"1,00";"2,6";"0,5";"72,1";"24,2";"87";"45,8";"64,4";"3,2";"9,4";"30,2";"7,3";"8,6";"7,8";"4,6";"43,3";"3,8";"8,5";"9,4";"64,4";"7,9"
"16069";"Hildburghausen";"Landkreis";"37,1";"24,7";"24,3";"5,0";"9,6";"1,00";"2,9";"1,1";"72,8";"25,2";"68";"47,5";"69,8";"-10,5";"8,2";"23,3";"5,9";"8,3";"4,5";"5,0";"42,4";"1,6";"5,7";"8,2";"69,8";"9,3"
"16070";"Ilm-Kreis";"Landkreis";"38,7";"22,1";"25,4";"5,1";"9,6";"0,99";"5,3";"1,3";"75,0";"25,0";"129";"45,4";"63,3";"-28,5";"9,1";"29,1";"6,5";"14,3";"8,8";"4,4";"41,9";"3,6";"9,0";"9,1";"63,3";"14,6"
"16071";"Weimarer Land";"Landkreis";"39,0";"22,8";"23,4";"5,6";"10,9";"1,01";"3,5";"1,1";"75,3";"23,7";"102";"46,7";"66,4";"2,9";"7,8";"22,1";"6,1";"12,0";"7,4";"4,3";"39,0";"3,5";"7,8";"7,8";"66,4";"10,6"
"16072";"Sonneberg";"Landkreis";"36,8";"22,0";"27,4";"4,5";"9,0";"1,03";"4,1";"1,5";"70,0";"25,6";"130";"46,9";"67,5";"-7,6";"13,7";"31,2";"7,9";"8,7";"5,5";"5,2";"41,7";"1,6";"6,7";"13,7";"67,5";"7,9"
"16073";"Saalfeld-Rudolstadt";"Landkreis";"38,0";"21,2";"28,4";"4,7";"9,1";"1,03";"2,7";"1,1";"72,5";"27,0";"104";"46,5";"66,9";"-5,6";"8,2";"29,8";"6,4";"10,5";"8,3";"3,6";"40,4";"2,9";"8,6";"8,2";"66,9";"11,6"
"16074";"Saale-Holzland-Kreis";"Landkreis";"36,0";"19,2";"25,4";"5,1";"10,1";"1,01";"2,9";"0,2";"75,9";"23,5";"102";"45,5";"66,4";"-0,3";"8,8";"27,6";"4,9";"12,8";"6,4";"3,4";"40,3";"3,6";"6,8";"8,8";"66,4";"11,0"
"16075";"Saale-Orla-Kreis";"Landkreis";"36,8";"17,9";"26,1";"4,9";"9,9";"1,02";"3,3";"1,3";"74,3";"26,5";"71";"47,2";"67,8";"-15,4";"9,0";"30,7";"5,8";"8,6";"6,8";"5,9";"40,6";"2,7";"7,8";"9,0";"67,8";"8,0"
"16076";"Greiz";"Landkreis";"38,4";"25,2";"28,5";"4,5";"9,4";"1,03";"2,3";"0,7";"74,8";"25,6";"117";"48,0";"64,2";"-13,7";"5,6";"30,9";"5,0";"10,0";"7,5";"3,8";"43,1";"3,5";"7,7";"5,6";"64,2";"9,5"
"16077";"Altenburger Land";"Landkreis";"40,3";"23,8";"29,9";"4,4";"9,2";"1,04";"3,2";"1,4";"71,0";"27,5";"159";"47,6";"63,5";"-21,2";"6,9";"32,7";"5,3";"8,7";"13,1";"4,9";"41,8";"4,3";"12,0";"6,9";"63,5";"9,1"
